destination	destination_git_blob	mode	source_path	source_git_blob	source_snapshot	selection	adaptation
extensions/structured-notes/src/package.lisp	7e5cf237d00054b63f3b11f52f06958e38c895dd	exact	extensions/structured-notes/src/package.lisp	7e5cf237d00054b63f3b11f52f06958e38c895dd	dd570df2ddb279f52f8d7b302f8538a7777b37d7	whole file	none
extensions/structured-notes/src/model.lisp	9aa518d13cd08250d5da5cfb2d0482b153a11962	exact	extensions/structured-notes/src/model.lisp	9aa518d13cd08250d5da5cfb2d0482b153a11962	dd570df2ddb279f52f8d7b302f8538a7777b37d7	whole file	none
extensions/structured-notes/src/caldav-resource-name.lisp	abd816d65ada29558ca324bddba2af50bea1b4d0	exact	extensions/structured-notes/src/caldav-resource-name.lisp	abd816d65ada29558ca324bddba2af50bea1b4d0	dd570df2ddb279f52f8d7b302f8538a7777b37d7	whole file	none
extensions/structured-notes/src/icalendar-uid.lisp	c692ecdebb53ff56e1fb35e108eb36072b8d0957	exact	extensions/structured-notes/src/icalendar-uid.lisp	c692ecdebb53ff56e1fb35e108eb36072b8d0957	dd570df2ddb279f52f8d7b302f8538a7777b37d7	whole file	none
extensions/structured-notes/src/source-protocol.lisp	bbe627a50cb4c45b213a2122a3240ce7609c9831	exact	extensions/structured-notes/src/source-protocol.lisp	bbe627a50cb4c45b213a2122a3240ce7609c9831	dd570df2ddb279f52f8d7b302f8538a7777b37d7	whole file	none
extensions/structured-notes/src/lsm-cst.lisp	da936d793a82502f3f2ecc9a8109da60eb75cba3	exact	extensions/structured-notes/src/lsm-cst.lisp	da936d793a82502f3f2ecc9a8109da60eb75cba3	dd570df2ddb279f52f8d7b302f8538a7777b37d7	whole file	none
extensions/structured-notes/src/icalendar-cst.lisp	dbdc7fdb4523488902ec964f3da431565f6b2e95	exact	extensions/structured-notes/src/icalendar-cst.lisp	dbdc7fdb4523488902ec964f3da431565f6b2e95	dd570df2ddb279f52f8d7b302f8538a7777b37d7	whole file	none
extensions/structured-notes/src/icalendar-octets.lisp	8d15b9f8bb3a2deea8d5aead02bb242587abd8ec	exact	extensions/structured-notes/src/icalendar-octets.lisp	8d15b9f8bb3a2deea8d5aead02bb242587abd8ec	dd570df2ddb279f52f8d7b302f8538a7777b37d7	whole file	none
extensions/structured-notes/src/icalendar-uri.lisp	87d17024bf8962d271bded08cc51ac70b13e8c35	exact	extensions/structured-notes/src/icalendar-uri.lisp	87d17024bf8962d271bded08cc51ac70b13e8c35	dd570df2ddb279f52f8d7b302f8538a7777b37d7	whole file	none
extensions/structured-notes/src/icalendar-value.lisp	dbc27cde69904a7313675fd232ec0e5be98528e7	exact	extensions/structured-notes/src/icalendar-value.lisp	dbc27cde69904a7313675fd232ec0e5be98528e7	dd570df2ddb279f52f8d7b302f8538a7777b37d7	whole file	none
extensions/structured-notes/src/icalendar-recur.lisp	5d4c118fe608ea79b5b023b8699c49d01617eac7	exact	extensions/structured-notes/src/icalendar-recur.lisp	5d4c118fe608ea79b5b023b8699c49d01617eac7	dd570df2ddb279f52f8d7b302f8538a7777b37d7	whole file	none
extensions/structured-notes/src/icalendar-codec.lisp	10c9ef3d3eba0b370bbab71bce8eeff9101fd8f6	exact	extensions/structured-notes/src/icalendar-codec.lisp	10c9ef3d3eba0b370bbab71bce8eeff9101fd8f6	dd570df2ddb279f52f8d7b302f8538a7777b37d7	whole file	none
extensions/structured-notes/src/icalendar-property.lisp	98670e6578b431eb4dd7aa6bc7594a8bb380b393	exact	extensions/structured-notes/src/icalendar-property.lisp	98670e6578b431eb4dd7aa6bc7594a8bb380b393	dd570df2ddb279f52f8d7b302f8538a7777b37d7	whole file	none
extensions/structured-notes/src/icalendar-extensions.lisp	33c77de21ff768a5578c3b87642d1cabdd86f16c	exact	extensions/structured-notes/src/icalendar-extensions.lisp	33c77de21ff768a5578c3b87642d1cabdd86f16c	dd570df2ddb279f52f8d7b302f8538a7777b37d7	whole file	none
extensions/structured-notes/src/icalendar-projection.lisp	1842098b610c39edfd3ffab36ed3873e40654650	exact	extensions/structured-notes/src/icalendar-projection.lisp	1842098b610c39edfd3ffab36ed3873e40654650	dd570df2ddb279f52f8d7b302f8538a7777b37d7	whole file	none
extensions/structured-notes/src/icalendar-refresh.lisp	7eee9ce7cd6233882073c04b4e858e9494f237f8	exact	extensions/structured-notes/src/icalendar-refresh.lisp	7eee9ce7cd6233882073c04b4e858e9494f237f8	dd570df2ddb279f52f8d7b302f8538a7777b37d7	whole file	none
extensions/structured-notes/src/icalendar-availability.lisp	829bee77fc57888742945512e7c129d9f609e212	exact	extensions/structured-notes/src/icalendar-availability.lisp	829bee77fc57888742945512e7c129d9f609e212	dd570df2ddb279f52f8d7b302f8538a7777b37d7	whole file	none
extensions/structured-notes/src/icalendar-timezone.lisp	d04f91a7c5fed1a370a47320fedda984a0285d4d	exact	extensions/structured-notes/src/icalendar-timezone.lisp	d04f91a7c5fed1a370a47320fedda984a0285d4d	dd570df2ddb279f52f8d7b302f8538a7777b37d7	whole file	none
extensions/structured-notes/src/icalendar-writer.lisp	be09d3849b88f0c586817f07905f0c3b8d362cc8	exact	extensions/structured-notes/src/icalendar-writer.lisp	be09d3849b88f0c586817f07905f0c3b8d362cc8	dd570df2ddb279f52f8d7b302f8538a7777b37d7	whole file	none
extensions/structured-notes/src/icalendar-edit.lisp	af2b95f73647dd58467a8749c0dc9aed47575d4c	exact	extensions/structured-notes/src/icalendar-edit.lisp	af2b95f73647dd58467a8749c0dc9aed47575d4c	dd570df2ddb279f52f8d7b302f8538a7777b37d7	whole file	none
extensions/structured-notes/src/caldav-write.lisp	4bca97078ee2cfd5afe97f8f3fc1d4437c1092ae	exact	extensions/structured-notes/src/caldav-write.lisp	4bca97078ee2cfd5afe97f8f3fc1d4437c1092ae	dd570df2ddb279f52f8d7b302f8538a7777b37d7	whole file	none
extensions/structured-notes/src/http-prefer.lisp	c25249ec9bcae251c12337dd613d9dafd47f4bba	exact	extensions/structured-notes/src/http-prefer.lisp	c25249ec9bcae251c12337dd613d9dafd47f4bba	dd570df2ddb279f52f8d7b302f8538a7777b37d7	whole file	none
extensions/structured-notes/src/caldav-read.lisp	a4fbf7eb5bc502fdd8907f30786882ec4b69917d	exact	extensions/structured-notes/src/caldav-read.lisp	a4fbf7eb5bc502fdd8907f30786882ec4b69917d	dd570df2ddb279f52f8d7b302f8538a7777b37d7	whole file	none
extensions/structured-notes/src/caldav-write-prefer.lisp	8a4eef3d8cd8bae8bc85a1ca355aed1f3d54d721	exact	extensions/structured-notes/src/caldav-write-prefer.lisp	8a4eef3d8cd8bae8bc85a1ca355aed1f3d54d721	dd570df2ddb279f52f8d7b302f8538a7777b37d7	whole file	none
extensions/structured-notes/src/icalendar-recurrence.lisp	ccda2c4159960aa9641884fee2143e8a6577c63f	exact	extensions/structured-notes/src/icalendar-recurrence.lisp	ccda2c4159960aa9641884fee2143e8a6577c63f	dd570df2ddb279f52f8d7b302f8538a7777b37d7	whole file	none
extensions/structured-notes/src/icalendar-timezone-recurrence.lisp	8d390c42cc7ecd0985b133551b4979b0d2f2683b	exact	extensions/structured-notes/src/icalendar-timezone-recurrence.lisp	8d390c42cc7ecd0985b133551b4979b0d2f2683b	dd570df2ddb279f52f8d7b302f8538a7777b37d7	whole file	none
extensions/structured-notes/src/icalendar-series.lisp	812d3c5fa1d8bc27cff5a576bc1057c58e2c16c5	exact	extensions/structured-notes/src/icalendar-series.lisp	812d3c5fa1d8bc27cff5a576bc1057c58e2c16c5	dd570df2ddb279f52f8d7b302f8538a7777b37d7	whole file	none
extensions/structured-notes/src/icalendar-availability-expansion.lisp	b1dd6dd39260a32770eca6fe3539bdecc2f4eec1	exact	extensions/structured-notes/src/icalendar-availability-expansion.lisp	b1dd6dd39260a32770eca6fe3539bdecc2f4eec1	dd570df2ddb279f52f8d7b302f8538a7777b37d7	whole file	none
extensions/structured-notes/src/icalendar-semantic.lisp	df07479f56fc54ce81622136f1449df69f4f12f4	exact	extensions/structured-notes/src/icalendar-semantic.lisp	df07479f56fc54ce81622136f1449df69f4f12f4	dd570df2ddb279f52f8d7b302f8538a7777b37d7	whole file	none
extensions/structured-notes/src/inline.lisp	27f38a2902f6ff272a1c7ea90cec0343da396ed7	exact	extensions/structured-notes/src/inline.lisp	27f38a2902f6ff272a1c7ea90cec0343da396ed7	dd570df2ddb279f52f8d7b302f8538a7777b37d7	whole file	none
extensions/structured-notes/src/block.lisp	cb6010e90f7ad92acd4423a8b454aa8de1cbc2a9	exact	extensions/structured-notes/src/block.lisp	cb6010e90f7ad92acd4423a8b454aa8de1cbc2a9	dd570df2ddb279f52f8d7b302f8538a7777b37d7	whole file	none
extensions/structured-notes/src/org-cst.lisp	fb6313959cca4adc58c4d0162721a7d9719b348e	exact	extensions/structured-notes/src/org-cst.lisp	fb6313959cca4adc58c4d0162721a7d9719b348e	dd570df2ddb279f52f8d7b302f8538a7777b37d7	whole file	none
extensions/structured-notes/src/lsm-parser.lisp	00878292329a0dbfba8a4ab0c0f998d090e151a0	exact	extensions/structured-notes/src/lsm-parser.lisp	00878292329a0dbfba8a4ab0c0f998d090e151a0	dd570df2ddb279f52f8d7b302f8538a7777b37d7	whole file	none
extensions/structured-notes/src/legacy-markdown.lisp	8d2398604fc5071e90b7a10e2dd5b9a640d09265	exact	extensions/structured-notes/src/legacy-markdown.lisp	8d2398604fc5071e90b7a10e2dd5b9a640d09265	dd570df2ddb279f52f8d7b302f8538a7777b37d7	whole file	none
extensions/structured-notes/src/lsm-writer.lisp	89aa6dc2ccff4c3641dd20953a831094c33306e6	exact	extensions/structured-notes/src/lsm-writer.lisp	89aa6dc2ccff4c3641dd20953a831094c33306e6	dd570df2ddb279f52f8d7b302f8538a7777b37d7	whole file	none
extensions/structured-notes/src/migration.lisp	1968ab0694c883b3b9f0c46b619fa5c64613eb37	exact	extensions/structured-notes/src/migration.lisp	1968ab0694c883b3b9f0c46b619fa5c64613eb37	dd570df2ddb279f52f8d7b302f8538a7777b37d7	whole file	none
extensions/structured-notes/src/notes-workflow.lisp	10bbbf65fba545ce7938357bdede9184c09e4116	exact	extensions/structured-notes/src/notes-workflow.lisp	10bbbf65fba545ce7938357bdede9184c09e4116	dd570df2ddb279f52f8d7b302f8538a7777b37d7	whole file	none
extensions/structured-notes/tests/package.lisp	59fffed05004ca2a3cf6fd2ec2491c7316779323	exact	extensions/structured-notes/tests/package.lisp	59fffed05004ca2a3cf6fd2ec2491c7316779323	dd570df2ddb279f52f8d7b302f8538a7777b37d7	whole file	none
extensions/structured-notes/tests/model-test.lisp	7c8c673ab6a799dcb3361c5981023d4611f8a9d9	exact	extensions/structured-notes/tests/model-test.lisp	7c8c673ab6a799dcb3361c5981023d4611f8a9d9	dd570df2ddb279f52f8d7b302f8538a7777b37d7	whole file	none
extensions/structured-notes/tests/caldav-resource-name-test.lisp	c26250baeb3762edf23d1035763c4d8e807a6cdf	exact	extensions/structured-notes/tests/caldav-resource-name-test.lisp	c26250baeb3762edf23d1035763c4d8e807a6cdf	dd570df2ddb279f52f8d7b302f8538a7777b37d7	whole file	none
extensions/structured-notes/tests/icalendar-uid-test.lisp	50995913089a49a0bed12d43c2e32f70e29032dc	exact	extensions/structured-notes/tests/icalendar-uid-test.lisp	50995913089a49a0bed12d43c2e32f70e29032dc	dd570df2ddb279f52f8d7b302f8538a7777b37d7	whole file	none
extensions/structured-notes/tests/icalendar-cst-test.lisp	2e4e6be03e529b2f159993bf0cd587a7830a92e3	exact	extensions/structured-notes/tests/icalendar-cst-test.lisp	2e4e6be03e529b2f159993bf0cd587a7830a92e3	dd570df2ddb279f52f8d7b302f8538a7777b37d7	whole file	none
extensions/structured-notes/tests/icalendar-octets-test.lisp	0e0d59a796d3eaaac5bd4072bd2760172a115653	exact	extensions/structured-notes/tests/icalendar-octets-test.lisp	0e0d59a796d3eaaac5bd4072bd2760172a115653	dd570df2ddb279f52f8d7b302f8538a7777b37d7	whole file	none
extensions/structured-notes/tests/icalendar-value-test.lisp	9670d98bfbbf1541eb0d171775ae9e756e761372	exact	extensions/structured-notes/tests/icalendar-value-test.lisp	9670d98bfbbf1541eb0d171775ae9e756e761372	dd570df2ddb279f52f8d7b302f8538a7777b37d7	whole file	none
extensions/structured-notes/tests/icalendar-property-test.lisp	7046a323ebc661764be2b5d0f30e937b354cabec	exact	extensions/structured-notes/tests/icalendar-property-test.lisp	7046a323ebc661764be2b5d0f30e937b354cabec	dd570df2ddb279f52f8d7b302f8538a7777b37d7	whole file	none
extensions/structured-notes/tests/icalendar-projection-test.lisp	f197b67ebb9122c2069124d9a422dda49f99d5db	exact	extensions/structured-notes/tests/icalendar-projection-test.lisp	f197b67ebb9122c2069124d9a422dda49f99d5db	dd570df2ddb279f52f8d7b302f8538a7777b37d7	whole file	none
extensions/structured-notes/tests/icalendar-extensions-test.lisp	a88146191bb45c46c7fb6bb21e02dab6063985a2	exact	extensions/structured-notes/tests/icalendar-extensions-test.lisp	a88146191bb45c46c7fb6bb21e02dab6063985a2	dd570df2ddb279f52f8d7b302f8538a7777b37d7	whole file	none
extensions/structured-notes/tests/icalendar-refresh-test.lisp	230eeea0d5d5466c3f358fe16891c04810e058d5	exact	extensions/structured-notes/tests/icalendar-refresh-test.lisp	230eeea0d5d5466c3f358fe16891c04810e058d5	dd570df2ddb279f52f8d7b302f8538a7777b37d7	whole file	none
extensions/structured-notes/tests/icalendar-availability-test.lisp	55f8a120b4a9379012cc869d6cc5224cea3117d6	exact	extensions/structured-notes/tests/icalendar-availability-test.lisp	55f8a120b4a9379012cc869d6cc5224cea3117d6	dd570df2ddb279f52f8d7b302f8538a7777b37d7	whole file	none
extensions/structured-notes/tests/icalendar-writer-test.lisp	ca6ceb28dfe1d4502cfc894c9488ec58c56d5284	exact	extensions/structured-notes/tests/icalendar-writer-test.lisp	ca6ceb28dfe1d4502cfc894c9488ec58c56d5284	dd570df2ddb279f52f8d7b302f8538a7777b37d7	whole file	none
extensions/structured-notes/tests/icalendar-edit-test.lisp	24da934e930317efe27593e37e35735d7ea7d253	exact	extensions/structured-notes/tests/icalendar-edit-test.lisp	24da934e930317efe27593e37e35735d7ea7d253	dd570df2ddb279f52f8d7b302f8538a7777b37d7	whole file	none
extensions/structured-notes/tests/caldav-write-test.lisp	711d90cf9b05abf48e2427e480917945c1ca1958	adapted	extensions/structured-notes/tests/caldav-write-test.lisp	bc9ad7b22a5f0576355c543ec26aeb4840d1da5c	dd570df2ddb279f52f8d7b302f8538a7777b37d7	whole file	Four ASCII fixture encoder calls use existing ascii-octets
extensions/structured-notes/tests/http-prefer-test.lisp	a82ed277a8e81eb26ba69c1e90b8be31355f24e7	exact	extensions/structured-notes/tests/http-prefer-test.lisp	a82ed277a8e81eb26ba69c1e90b8be31355f24e7	dd570df2ddb279f52f8d7b302f8538a7777b37d7	whole file	none
extensions/structured-notes/tests/caldav-read-test.lisp	f90135b331a3f39c3bba0402ddce0f8bfe52a318	exact	extensions/structured-notes/tests/caldav-read-test.lisp	f90135b331a3f39c3bba0402ddce0f8bfe52a318	dd570df2ddb279f52f8d7b302f8538a7777b37d7	whole file	none
extensions/structured-notes/tests/icalendar-recurrence-test.lisp	c2d2835942f27b862b4ca70aa5e4fceb036b94ce	exact	extensions/structured-notes/tests/icalendar-recurrence-test.lisp	c2d2835942f27b862b4ca70aa5e4fceb036b94ce	dd570df2ddb279f52f8d7b302f8538a7777b37d7	whole file	none
extensions/structured-notes/tests/icalendar-timezone-test.lisp	22e0d9bad4e78d8348af41a684b82cf1236e1768	exact	extensions/structured-notes/tests/icalendar-timezone-test.lisp	22e0d9bad4e78d8348af41a684b82cf1236e1768	dd570df2ddb279f52f8d7b302f8538a7777b37d7	whole file	none
extensions/structured-notes/tests/icalendar-series-test.lisp	954475c24c53b57ab0516e58384a1edc16fcd612	exact	extensions/structured-notes/tests/icalendar-series-test.lisp	954475c24c53b57ab0516e58384a1edc16fcd612	dd570df2ddb279f52f8d7b302f8538a7777b37d7	whole file	none
extensions/structured-notes/tests/icalendar-availability-expansion-test.lisp	2d79f7f6b39e609938d3a920abb437f0fef47c2e	exact	extensions/structured-notes/tests/icalendar-availability-expansion-test.lisp	2d79f7f6b39e609938d3a920abb437f0fef47c2e	dd570df2ddb279f52f8d7b302f8538a7777b37d7	whole file	none
extensions/structured-notes/tests/icalendar-semantic-test.lisp	f8c136ad5599b24dabde92d19c779784d012341f	exact	extensions/structured-notes/tests/icalendar-semantic-test.lisp	f8c136ad5599b24dabde92d19c779784d012341f	dd570df2ddb279f52f8d7b302f8538a7777b37d7	whole file	none
extensions/structured-notes/tests/inline-test.lisp	be96996a12f584fa1f0311bf3cf48bec45de2a0f	exact	extensions/structured-notes/tests/inline-test.lisp	be96996a12f584fa1f0311bf3cf48bec45de2a0f	dd570df2ddb279f52f8d7b302f8538a7777b37d7	whole file	none
extensions/structured-notes/tests/block-test.lisp	2de7aba8ed679787fe31c3999dbfc225f9c4b4ac	exact	extensions/structured-notes/tests/block-test.lisp	2de7aba8ed679787fe31c3999dbfc225f9c4b4ac	dd570df2ddb279f52f8d7b302f8538a7777b37d7	whole file	none
extensions/structured-notes/tests/source-protocol-test.lisp	f5093bf7d16a7ed653cf4904c3d74bb3bb243fa2	exact	extensions/structured-notes/tests/source-protocol-test.lisp	f5093bf7d16a7ed653cf4904c3d74bb3bb243fa2	dd570df2ddb279f52f8d7b302f8538a7777b37d7	whole file	none
extensions/structured-notes/tests/org-cst-test.lisp	126eac95839054b589668e854e990117821e06d5	exact	extensions/structured-notes/tests/org-cst-test.lisp	126eac95839054b589668e854e990117821e06d5	dd570df2ddb279f52f8d7b302f8538a7777b37d7	whole file	none
extensions/structured-notes/tests/lsm-parser-test.lisp	70568997f6ef696ddd107b5e1ada62e0a86b791a	exact	extensions/structured-notes/tests/lsm-parser-test.lisp	70568997f6ef696ddd107b5e1ada62e0a86b791a	dd570df2ddb279f52f8d7b302f8538a7777b37d7	whole file	none
extensions/structured-notes/tests/lsm-writer-test.lisp	39e9b2a4ce6f5e8968f73d38b83055a890f3ce83	exact	extensions/structured-notes/tests/lsm-writer-test.lisp	39e9b2a4ce6f5e8968f73d38b83055a890f3ce83	dd570df2ddb279f52f8d7b302f8538a7777b37d7	whole file	none
extensions/structured-notes/tests/migration-test.lisp	4467f27954ea19750251215b38229498cc7a60b7	exact	extensions/structured-notes/tests/migration-test.lisp	4467f27954ea19750251215b38229498cc7a60b7	dd570df2ddb279f52f8d7b302f8538a7777b37d7	whole file	none
extensions/structured-notes/tests/notes-workflow-test.lisp	d57e52a8e66589ed86fb2f766cf70937315017ab	exact	extensions/structured-notes/tests/notes-workflow-test.lisp	d57e52a8e66589ed86fb2f766cf70937315017ab	dd570df2ddb279f52f8d7b302f8538a7777b37d7	whole file	none
extensions/structured-notes/spec/leap-second-snapshot.tsv	ef889e6d8d4173d545433754a8d39f16e44c9045	exact	extensions/structured-notes/spec/leap-second-snapshot.tsv	ef889e6d8d4173d545433754a8d39f16e44c9045	dd570df2ddb279f52f8d7b302f8538a7777b37d7	whole file	none
LICENCE	cfa3c54959ee06e231e1202bd7288712454bbb30	existing-exact	LICENCE	cfa3c54959ee06e231e1202bd7288712454bbb30	dd570df2ddb279f52f8d7b302f8538a7777b37d7	whole file	none
extensions/structured-notes/src/caldav-uri.lisp	ba6543dc03beb4a5fe2bb10a7e41c231b38440d0	extracted	extensions/structured-notes/src/webdav-propfind.lisp	17cf99940a9d353b0ded724143cb32fcc8aca31f	dd570df2ddb279f52f8d7b302f8538a7777b37d7	dav-percent-dot-segment-p; dav-path-has-dot-segment-p; validate-dav-operational-request-uri; dav-resolved-href; dav-href-diagnostic; parse-dav-absolute-path-reference; dav-effective-port; dav-uri-same-origin-p; dav-uri-fetchable-p; resolve-dav-href; dav-uri-resource-key; dav-resolved-href-resource-key	none
extensions/structured-notes/src/caldav-uri.lisp	ba6543dc03beb4a5fe2bb10a7e41c231b38440d0	extracted	extensions/structured-notes/src/caldav-account-discovery.lisp	9dba1036891ef4ed75455c028b36a1acc5c083e4	dd570df2ddb279f52f8d7b302f8538a7777b37d7	caldav-discovery-error; caldav-discovery-ascii-dns-label-p; caldav-discovery-normalize-domain	none
extensions/structured-notes/src/caldav-uri.lisp	ba6543dc03beb4a5fe2bb10a7e41c231b38440d0	extracted	extensions/structured-notes/src/caldav-discovery-redirect.lisp	c238052c04d91a382ddb9a8281204c708f0c0a2c	dd570df2ddb279f52f8d7b302f8538a7777b37d7	+caldav-discovery-max-location-characters+; caldav-https-origin; caldav-discovery-decode-https-target; caldav-discovery-uri-prefix; caldav-discovery-reference-absolute-p; caldav-discovery-normalize-redirect-path; caldav-discovery-merge-relative-path; caldav-discovery-build-target; resolve-caldav-discovery-location	none
extensions/structured-notes/tests/fixtures.lisp	1e7e02279da6a71054161c600a4848fe6d39a87a	extracted	extensions/structured-notes/tests/webdav-xml-test.lisp	4a01ac51d9073ec48aac81bc1101ac222450ea4d	dd570df2ddb279f52f8d7b302f8538a7777b37d7	signaled-model-code	none
extensions/structured-notes/tests/fixtures.lisp	1e7e02279da6a71054161c600a4848fe6d39a87a	extracted	extensions/structured-notes/tests/spec-test.lisp	1866453d1467e48c4d35d6858882d4f465bc3240	dd570df2ddb279f52f8d7b302f8538a7777b37d7	specification-path; split-tab-fields; read-tabular-file; read-tabular-specification; row-value	none
extensions/structured-notes/tests/fixtures.lisp	1e7e02279da6a71054161c600a4848fe6d39a87a	extracted	extensions/structured-notes/tests/caldav-sync-test.lisp	0c44bb5935c23430cf3c83a099a0ccf2a6d0992e	dd570df2ddb279f52f8d7b302f8538a7777b37d7	test-sync-store-directory; with-test-sync-store	none
extensions/structured-notes/tests/caldav-uri-test.lisp	85490f34d3ec70a9a2483064cee6ade93e4674cc	extracted	extensions/structured-notes/tests/webdav-propfind-test.lisp	56f683cbf38b0d2285809c73715118316c9258fd	dd570df2ddb279f52f8d7b302f8538a7777b37d7	dav-hrefs-resolve-with-origin-and-path-evidence; dav-hrefs-reject-fragments-dot-segments-and-relative-paths	none
extensions/structured-notes/tests/caldav-uri-test.lisp	85490f34d3ec70a9a2483064cee6ade93e4674cc	extracted	extensions/structured-notes/tests/caldav-discovery-redirect-test.lisp	cda7ffb7cb2a4d8f0fbef8bba573fa7a49bf08d5	dd570df2ddb279f52f8d7b302f8538a7777b37d7	caldav-location-resolves-relative-references-safely	none
extensions/structured-notes/lem-structured-notes.asd	fb7d68f4620369bb6c8c0c563a3964c1e4eb7e72	adapted	extensions/structured-notes/lem-structured-notes.asd	df0b73e36075bf53ad7d9cc686b1635b20175609	dd570df2ddb279f52f8d7b302f8538a7777b37d7	whole file	Only main and focused tests; add pure caldav-uri and extracted local fixtures
