system	path	git_blob	snapshot
lem-structured-notes	extensions/structured-notes/src/package.lisp	7e5cf237d00054b63f3b11f52f06958e38c895dd	dd570df2ddb279f52f8d7b302f8538a7777b37d7
lem-structured-notes	extensions/structured-notes/src/model.lisp	9aa518d13cd08250d5da5cfb2d0482b153a11962	dd570df2ddb279f52f8d7b302f8538a7777b37d7
lem-structured-notes	extensions/structured-notes/src/caldav-resource-name.lisp	abd816d65ada29558ca324bddba2af50bea1b4d0	dd570df2ddb279f52f8d7b302f8538a7777b37d7
lem-structured-notes	extensions/structured-notes/src/icalendar-uid.lisp	c692ecdebb53ff56e1fb35e108eb36072b8d0957	dd570df2ddb279f52f8d7b302f8538a7777b37d7
lem-structured-notes	extensions/structured-notes/src/source-protocol.lisp	bbe627a50cb4c45b213a2122a3240ce7609c9831	dd570df2ddb279f52f8d7b302f8538a7777b37d7
lem-structured-notes	extensions/structured-notes/src/lsm-cst.lisp	da936d793a82502f3f2ecc9a8109da60eb75cba3	dd570df2ddb279f52f8d7b302f8538a7777b37d7
lem-structured-notes	extensions/structured-notes/src/icalendar-cst.lisp	dbdc7fdb4523488902ec964f3da431565f6b2e95	dd570df2ddb279f52f8d7b302f8538a7777b37d7
lem-structured-notes	extensions/structured-notes/src/icalendar-octets.lisp	8d15b9f8bb3a2deea8d5aead02bb242587abd8ec	dd570df2ddb279f52f8d7b302f8538a7777b37d7
lem-structured-notes	extensions/structured-notes/src/icalendar-uri.lisp	87d17024bf8962d271bded08cc51ac70b13e8c35	dd570df2ddb279f52f8d7b302f8538a7777b37d7
lem-structured-notes	extensions/structured-notes/src/icalendar-value.lisp	dbc27cde69904a7313675fd232ec0e5be98528e7	dd570df2ddb279f52f8d7b302f8538a7777b37d7
lem-structured-notes	extensions/structured-notes/src/icalendar-recur.lisp	5d4c118fe608ea79b5b023b8699c49d01617eac7	dd570df2ddb279f52f8d7b302f8538a7777b37d7
lem-structured-notes	extensions/structured-notes/src/icalendar-codec.lisp	10c9ef3d3eba0b370bbab71bce8eeff9101fd8f6	dd570df2ddb279f52f8d7b302f8538a7777b37d7
lem-structured-notes	extensions/structured-notes/src/icalendar-property.lisp	98670e6578b431eb4dd7aa6bc7594a8bb380b393	dd570df2ddb279f52f8d7b302f8538a7777b37d7
lem-structured-notes	extensions/structured-notes/src/icalendar-extensions.lisp	33c77de21ff768a5578c3b87642d1cabdd86f16c	dd570df2ddb279f52f8d7b302f8538a7777b37d7
lem-structured-notes	extensions/structured-notes/src/icalendar-projection.lisp	1842098b610c39edfd3ffab36ed3873e40654650	dd570df2ddb279f52f8d7b302f8538a7777b37d7
lem-structured-notes	extensions/structured-notes/src/icalendar-refresh.lisp	7eee9ce7cd6233882073c04b4e858e9494f237f8	dd570df2ddb279f52f8d7b302f8538a7777b37d7
lem-structured-notes	extensions/structured-notes/src/icalendar-availability.lisp	829bee77fc57888742945512e7c129d9f609e212	dd570df2ddb279f52f8d7b302f8538a7777b37d7
lem-structured-notes	extensions/structured-notes/src/icalendar-timezone.lisp	d04f91a7c5fed1a370a47320fedda984a0285d4d	dd570df2ddb279f52f8d7b302f8538a7777b37d7
lem-structured-notes	extensions/structured-notes/src/icalendar-writer.lisp	be09d3849b88f0c586817f07905f0c3b8d362cc8	dd570df2ddb279f52f8d7b302f8538a7777b37d7
lem-structured-notes	extensions/structured-notes/src/icalendar-edit.lisp	af2b95f73647dd58467a8749c0dc9aed47575d4c	dd570df2ddb279f52f8d7b302f8538a7777b37d7
lem-structured-notes	extensions/structured-notes/src/caldav-write.lisp	4bca97078ee2cfd5afe97f8f3fc1d4437c1092ae	dd570df2ddb279f52f8d7b302f8538a7777b37d7
lem-structured-notes	extensions/structured-notes/src/http-prefer.lisp	c25249ec9bcae251c12337dd613d9dafd47f4bba	dd570df2ddb279f52f8d7b302f8538a7777b37d7
lem-structured-notes	extensions/structured-notes/src/caldav-read.lisp	a4fbf7eb5bc502fdd8907f30786882ec4b69917d	dd570df2ddb279f52f8d7b302f8538a7777b37d7
lem-structured-notes	extensions/structured-notes/src/caldav-write-prefer.lisp	8a4eef3d8cd8bae8bc85a1ca355aed1f3d54d721	dd570df2ddb279f52f8d7b302f8538a7777b37d7
lem-structured-notes	extensions/structured-notes/src/icalendar-recurrence.lisp	ccda2c4159960aa9641884fee2143e8a6577c63f	dd570df2ddb279f52f8d7b302f8538a7777b37d7
lem-structured-notes	extensions/structured-notes/src/icalendar-timezone-recurrence.lisp	8d390c42cc7ecd0985b133551b4979b0d2f2683b	dd570df2ddb279f52f8d7b302f8538a7777b37d7
lem-structured-notes	extensions/structured-notes/src/icalendar-series.lisp	812d3c5fa1d8bc27cff5a576bc1057c58e2c16c5	dd570df2ddb279f52f8d7b302f8538a7777b37d7
lem-structured-notes	extensions/structured-notes/src/icalendar-availability-expansion.lisp	b1dd6dd39260a32770eca6fe3539bdecc2f4eec1	dd570df2ddb279f52f8d7b302f8538a7777b37d7
lem-structured-notes	extensions/structured-notes/src/icalendar-semantic.lisp	df07479f56fc54ce81622136f1449df69f4f12f4	dd570df2ddb279f52f8d7b302f8538a7777b37d7
lem-structured-notes	extensions/structured-notes/src/inline.lisp	27f38a2902f6ff272a1c7ea90cec0343da396ed7	dd570df2ddb279f52f8d7b302f8538a7777b37d7
lem-structured-notes	extensions/structured-notes/src/block.lisp	cb6010e90f7ad92acd4423a8b454aa8de1cbc2a9	dd570df2ddb279f52f8d7b302f8538a7777b37d7
lem-structured-notes	extensions/structured-notes/src/org-cst.lisp	fb6313959cca4adc58c4d0162721a7d9719b348e	dd570df2ddb279f52f8d7b302f8538a7777b37d7
lem-structured-notes	extensions/structured-notes/src/lsm-parser.lisp	00878292329a0dbfba8a4ab0c0f998d090e151a0	dd570df2ddb279f52f8d7b302f8538a7777b37d7
lem-structured-notes	extensions/structured-notes/src/legacy-markdown.lisp	8d2398604fc5071e90b7a10e2dd5b9a640d09265	dd570df2ddb279f52f8d7b302f8538a7777b37d7
lem-structured-notes	extensions/structured-notes/src/lsm-writer.lisp	89aa6dc2ccff4c3641dd20953a831094c33306e6	dd570df2ddb279f52f8d7b302f8538a7777b37d7
lem-structured-notes	extensions/structured-notes/src/migration.lisp	1968ab0694c883b3b9f0c46b619fa5c64613eb37	dd570df2ddb279f52f8d7b302f8538a7777b37d7
lem-structured-notes	extensions/structured-notes/src/notes-workflow.lisp	10bbbf65fba545ce7938357bdede9184c09e4116	dd570df2ddb279f52f8d7b302f8538a7777b37d7
lem-structured-notes/caldav-xml	extensions/structured-notes/src/unicode17-precis-data.lisp	17c1e2f425e91538ff36ffa21f5cef4d50399f48	dd570df2ddb279f52f8d7b302f8538a7777b37d7
lem-structured-notes/caldav-xml	extensions/structured-notes/src/unicode17-precis.lisp	94c9a787dbc2a5c3b2eb63eaf39a3b3f594bf956	dd570df2ddb279f52f8d7b302f8538a7777b37d7
lem-structured-notes/caldav-xml	extensions/structured-notes/src/webdav-xml.lisp	6aeaa4bf88adec14e0e9c5d143bdb19e31b03950	dd570df2ddb279f52f8d7b302f8538a7777b37d7
lem-structured-notes/caldav-xml	extensions/structured-notes/src/webdav-propfind.lisp	17cf99940a9d353b0ded724143cb32fcc8aca31f	dd570df2ddb279f52f8d7b302f8538a7777b37d7
lem-structured-notes/caldav-xml	extensions/structured-notes/src/webdav-error.lisp	e8ffff5f138365485ecde4fb6360d570ca355249	dd570df2ddb279f52f8d7b302f8538a7777b37d7
lem-structured-notes/caldav-xml	extensions/structured-notes/src/webdav-proppatch.lisp	adc0d481a2a9e5becb226b772a9e836efeb74448	dd570df2ddb279f52f8d7b302f8538a7777b37d7
lem-structured-notes/caldav-xml	extensions/structured-notes/src/webdav-options.lisp	314492c2aa2c4141d205c64c6257236bac265b88	dd570df2ddb279f52f8d7b302f8538a7777b37d7
lem-structured-notes/caldav-xml	extensions/structured-notes/src/caldav-account-discovery.lisp	9dba1036891ef4ed75455c028b36a1acc5c083e4	dd570df2ddb279f52f8d7b302f8538a7777b37d7
lem-structured-notes/caldav-xml	extensions/structured-notes/src/caldav-discovery-dns-evidence.lisp	50dcd193a2918ce0b059f61c3d25f6ed7037f3f7	dd570df2ddb279f52f8d7b302f8538a7777b37d7
lem-structured-notes/caldav-xml	extensions/structured-notes/src/caldav-discovery-dns-command.lisp	ad59646143cb3464cf555b9e36c47b3b25f2e67a	dd570df2ddb279f52f8d7b302f8538a7777b37d7
lem-structured-notes/caldav-xml	extensions/structured-notes/src/caldav-discovery-tls.lisp	203f2ee8114bd240449a3c47a89be846714edbb2	dd570df2ddb279f52f8d7b302f8538a7777b37d7
lem-structured-notes/caldav-xml	extensions/structured-notes/src/tzdist-discovery.lisp	cd803261bf778632ec990ed03644a832d6d1ce24	dd570df2ddb279f52f8d7b302f8538a7777b37d7
lem-structured-notes/caldav-xml	extensions/structured-notes/src/tzdist-discovery-dns-command.lisp	f0610ff858e6b9b8a4141266e90ee1e652dc9029	dd570df2ddb279f52f8d7b302f8538a7777b37d7
lem-structured-notes/caldav-xml	extensions/structured-notes/src/caldav-discovery-redirect.lisp	c238052c04d91a382ddb9a8281204c708f0c0a2c	dd570df2ddb279f52f8d7b302f8538a7777b37d7
lem-structured-notes/caldav-xml	extensions/structured-notes/src/tzdist-context-discovery.lisp	bb544f27798f10dff34bbe9a5b92714c291b6de9	dd570df2ddb279f52f8d7b302f8538a7777b37d7
lem-structured-notes/caldav-xml	extensions/structured-notes/src/webdav-discovery.lisp	859bdf0ea4b87775a98892e570400b7008560299	dd570df2ddb279f52f8d7b302f8538a7777b37d7
lem-structured-notes/caldav-xml	extensions/structured-notes/src/caldav-scheduling-discovery.lisp	bfe7242c90a5d758f586c9173585faa4957d7337	dd570df2ddb279f52f8d7b302f8538a7777b37d7
lem-structured-notes/caldav-xml	extensions/structured-notes/src/caldav-bootstrap-command.lisp	9bfb0a9a74545047bcd8ed335ebf2a78c36401b7	dd570df2ddb279f52f8d7b302f8538a7777b37d7
lem-structured-notes/caldav-xml	extensions/structured-notes/src/webdav-acl.lisp	bb82905d068bf38e6f6afb38739e568a3d2e4671	dd570df2ddb279f52f8d7b302f8538a7777b37d7
lem-structured-notes/caldav-xml	extensions/structured-notes/src/webdav-report.lisp	7b9d10d7fdf165352586821582f8ab41b8450d0d	dd570df2ddb279f52f8d7b302f8538a7777b37d7
lem-structured-notes/caldav-xml	extensions/structured-notes/src/caldav-collection.lisp	1e287a9fc72d952e15fa6ab1332826bdf6dcd7c4	dd570df2ddb279f52f8d7b302f8538a7777b37d7
lem-structured-notes/caldav-xml	extensions/structured-notes/src/caldav-rscale.lisp	26e43c6a4786fcd9535d85a524ff868e47c5b9b6	dd570df2ddb279f52f8d7b302f8538a7777b37d7
lem-structured-notes/caldav-xml	extensions/structured-notes/src/caldav-add-member.lisp	3d9308b75a9b5d6bb5a6106557f72dc1cdf21f96	dd570df2ddb279f52f8d7b302f8538a7777b37d7
lem-structured-notes/caldav-xml	extensions/structured-notes/src/caldav-add-member-prefer.lisp	ee726b378174dde57f9d5b285818fd232af8a322	dd570df2ddb279f52f8d7b302f8538a7777b37d7
lem-structured-notes/caldav-xml	extensions/structured-notes/src/webdav-principal-search.lisp	8c8bbe75c2d841a82098efaf7c502f26da57fcb2	dd570df2ddb279f52f8d7b302f8538a7777b37d7
lem-structured-notes/caldav-xml	extensions/structured-notes/src/caldav-scheduling-collection.lisp	60582f7e47162bc289924ca07aeb5d16dca4aa1e	dd570df2ddb279f52f8d7b302f8538a7777b37d7
lem-structured-notes/caldav-xml	extensions/structured-notes/src/caldav-availability.lisp	b940332c926f31236d684a324f564821826cb98d	dd570df2ddb279f52f8d7b302f8538a7777b37d7
lem-structured-notes/caldav-xml	extensions/structured-notes/src/caldav-scheduling-object.lisp	5bc8d86283686eae7e3a6ef1e4a19ee425a5a09b	dd570df2ddb279f52f8d7b302f8538a7777b37d7
lem-structured-notes/caldav-xml	extensions/structured-notes/src/caldav-managed-attachment.lisp	ed3e288c851bc7739be6b28f69ea2537dc13149f	dd570df2ddb279f52f8d7b302f8538a7777b37d7
lem-structured-notes/caldav-xml	extensions/structured-notes/src/caldav-scheduling-participant.lisp	07ecfe3efd4b7c266f9db7fd2dd470ea0a12045b	dd570df2ddb279f52f8d7b302f8538a7777b37d7
lem-structured-notes/caldav-xml	extensions/structured-notes/src/caldav-schedule-tag.lisp	9652a8685faa3f0e424540c4670c62e427419a89	dd570df2ddb279f52f8d7b302f8538a7777b37d7
lem-structured-notes/caldav-xml	extensions/structured-notes/src/caldav-scheduling-edit.lisp	1a1b940b02a067aa53f7bbe398d08a055b31c599	dd570df2ddb279f52f8d7b302f8538a7777b37d7
lem-structured-notes/caldav-xml	extensions/structured-notes/src/caldav-mkcalendar.lisp	95cce1cd69888143c849697af218b0ff59bb270f	dd570df2ddb279f52f8d7b302f8538a7777b37d7
lem-structured-notes/caldav-xml	extensions/structured-notes/src/caldav-calendar-data.lisp	16ba9da6f36af574ed7384c09900eea60f90b2b0	dd570df2ddb279f52f8d7b302f8538a7777b37d7
lem-structured-notes/caldav-xml	extensions/structured-notes/src/caldav-multiget.lisp	aa5b7c58b72bbf69279e821169c6ede96ddfa96d	dd570df2ddb279f52f8d7b302f8538a7777b37d7
lem-structured-notes/caldav-xml	extensions/structured-notes/src/caldav-etag.lisp	48b161bbf9162178bdf8103b0740e8a55aab1f79	dd570df2ddb279f52f8d7b302f8538a7777b37d7
lem-structured-notes/caldav-xml	extensions/structured-notes/src/tzdist.lisp	42fd43764289a066ed27948e02ad7ae2a9e1058c	dd570df2ddb279f52f8d7b302f8538a7777b37d7
lem-structured-notes/caldav-xml	extensions/structured-notes/src/caldav-timezone-reference.lisp	9bb1f1c0013a32b581f45bdb230045108f8af7d1	dd570df2ddb279f52f8d7b302f8538a7777b37d7
lem-structured-notes/caldav-xml	extensions/structured-notes/src/caldav-query.lisp	ebd4a4b0b4054349be5eda3bbb5fab18e6ba6e11	dd570df2ddb279f52f8d7b302f8538a7777b37d7
lem-structured-notes/caldav-xml	extensions/structured-notes/src/caldav-freebusy.lisp	6184f56a8d429c6d93f73e901a7318480beb1ba7	dd570df2ddb279f52f8d7b302f8538a7777b37d7
lem-structured-notes/caldav-xml	extensions/structured-notes/src/caldav-scheduling-freebusy.lisp	eeeff165136d42e5df3466e9c1b380a2d6889aa8	dd570df2ddb279f52f8d7b302f8538a7777b37d7
lem-structured-notes/caldav-xml	extensions/structured-notes/src/webdav-sync.lisp	8ce729c99297479e6f63eb35f09e5459dd3c40ad	dd570df2ddb279f52f8d7b302f8538a7777b37d7
lem-structured-notes/caldav-xml	extensions/structured-notes/src/caldav-sync.lisp	e7af60a9d0b51c644c1ff551c242ac8606c9fde2	dd570df2ddb279f52f8d7b302f8538a7777b37d7
lem-structured-notes/caldav-xml	extensions/structured-notes/src/caldav-scheduling-itip.lisp	13e7eff6759cdef01464e523fa61efa88420a97f	dd570df2ddb279f52f8d7b302f8538a7777b37d7
lem-structured-notes/caldav-xml	extensions/structured-notes/src/caldav-scheduling-inbox.lisp	f62fcc81995f69d67274e6f22177d358e810db9e	dd570df2ddb279f52f8d7b302f8538a7777b37d7
lem-structured-notes/caldav-xml	extensions/structured-notes/src/caldav-scheduling-itip-state.lisp	5724002a15ab0f71ca2189f2403395a63ff7690c	dd570df2ddb279f52f8d7b302f8538a7777b37d7
lem-structured-notes/caldav-xml	extensions/structured-notes/src/caldav-scheduling-refresh.lisp	e7be66f1caa4b13c15d70d3a94c0cb444726be83	dd570df2ddb279f52f8d7b302f8538a7777b37d7
lem-structured-notes/caldav-xml	extensions/structured-notes/src/caldav-rscale-itip-reply.lisp	d1b86abf7784d0be4de17bfa23e0910e7ef4210b	dd570df2ddb279f52f8d7b302f8538a7777b37d7
lem-structured-notes/caldav-xml	extensions/structured-notes/src/caldav-sync-command.lisp	824d0122855b6dddf3779ec680e704f626443437	dd570df2ddb279f52f8d7b302f8538a7777b37d7
lem-structured-notes/caldav-xml	extensions/structured-notes/src/caldav-sync-manifest.lisp	5e713ee805e1b581c07e3dcebbd5a905ec250dbd	dd570df2ddb279f52f8d7b302f8538a7777b37d7
lem-structured-notes/caldav-xml	extensions/structured-notes/src/caldav-sync-store.lisp	96d7e413e6f2baa8e6f51fbc96164652e6b4625b	dd570df2ddb279f52f8d7b302f8538a7777b37d7
lem-structured-notes/caldav-xml	extensions/structured-notes/src/icalendar-refresh-store.lisp	288b5b914231181000c9a4d62955d26ed5b38352	dd570df2ddb279f52f8d7b302f8538a7777b37d7
lem-structured-notes/caldav-xml	extensions/structured-notes/src/caldav-binding-index.lisp	310cf55be1489149ec619d48d03b4c7550442a94	dd570df2ddb279f52f8d7b302f8538a7777b37d7
lem-structured-notes/caldav-xml	extensions/structured-notes/src/caldav-scheduling-projection.lisp	7134d59269560580134bfd73b58dbcd1e87169da	dd570df2ddb279f52f8d7b302f8538a7777b37d7
lem-structured-notes/caldav-xml	extensions/structured-notes/src/caldav-scheduling-projection-destination.lisp	332ddc7ca72bdced47e3a034011eeb81e36e49b6	dd570df2ddb279f52f8d7b302f8538a7777b37d7
lem-structured-notes/caldav-xml	extensions/structured-notes/src/caldav-scheduling-projection-destination-store.lisp	30dbb8cc9466ebb844c3253eebf6ea9976b58e5d	dd570df2ddb279f52f8d7b302f8538a7777b37d7
lem-structured-notes/caldav-xml	extensions/structured-notes/src/caldav-scheduling-itip-state-store.lisp	ac2ab1ce771ffb1100551a88262f627c7b25bd32	dd570df2ddb279f52f8d7b302f8538a7777b37d7
lem-structured-notes/caldav-xml	extensions/structured-notes/src/caldav-scheduling-request-history-store.lisp	07128edf21ae00c42098c845e5f743aab7ab2b21	dd570df2ddb279f52f8d7b302f8538a7777b37d7
lem-structured-notes/caldav-xml	extensions/structured-notes/src/caldav-scheduling-delegation.lisp	dea48c757a94b65b4c77a671850b7ed05fd96ae5	dd570df2ddb279f52f8d7b302f8538a7777b37d7
lem-structured-notes/caldav-xml	extensions/structured-notes/src/caldav-scheduling-delegation-store.lisp	67be626ad17dbb2b8c90a4bed4ca397f24b3418d	dd570df2ddb279f52f8d7b302f8538a7777b37d7
lem-structured-notes/caldav-xml	extensions/structured-notes/src/caldav-scheduling-forwarding.lisp	5e53438ef323a9c1822a68c37aac6197833a568a	dd570df2ddb279f52f8d7b302f8538a7777b37d7
lem-structured-notes/caldav-xml	extensions/structured-notes/src/caldav-scheduling-forwarding-store.lisp	8188d284de15da6df224b261a8ece1c5a1865bf6	dd570df2ddb279f52f8d7b302f8538a7777b37d7
lem-structured-notes/caldav-xml	extensions/structured-notes/src/caldav-merge.lisp	529a5e093629930257ad7fb5fc9175434fa53724	dd570df2ddb279f52f8d7b302f8538a7777b37d7
lem-structured-notes/caldav-xml	extensions/structured-notes/src/caldav-series-merge.lisp	6be67599da88880299a50e08b9bf6ee85d1357d9	dd570df2ddb279f52f8d7b302f8538a7777b37d7
lem-structured-notes/caldav-xml	extensions/structured-notes/src/caldav-series-application.lisp	13d69ab5965bdf5d4ea8c28fd134c11af9904494	dd570df2ddb279f52f8d7b302f8538a7777b37d7
lem-structured-notes/caldav-xml	extensions/structured-notes/src/caldav-scheduling-override.lisp	369da82278bbf8fe3d2cbe0a35a6427e762ec97d	dd570df2ddb279f52f8d7b302f8538a7777b37d7
lem-structured-notes/caldav-xml	extensions/structured-notes/src/caldav-scheduling-organizer.lisp	855cc85efb80601a821985114c3bddf5f7c40de7	dd570df2ddb279f52f8d7b302f8538a7777b37d7
lem-structured-notes/caldav-xml	extensions/structured-notes/src/caldav-lsm-merge.lisp	ede85e03549d08762c8bdc83141850a443f90bb0	dd570df2ddb279f52f8d7b302f8538a7777b37d7
lem-structured-notes/caldav-xml	extensions/structured-notes/src/caldav-source-application.lisp	b47fba3b9b43c83f19f06fe5697b232810db3249	dd570df2ddb279f52f8d7b302f8538a7777b37d7
lem-structured-notes/caldav-xml	extensions/structured-notes/src/caldav-write-store.lisp	b42ad3bbe91d7625d0fe86cb5be5408e3d18658a	dd570df2ddb279f52f8d7b302f8538a7777b37d7
lem-structured-notes/caldav-xml	extensions/structured-notes/src/caldav-series-source-application.lisp	1b89d97c13998f7eb857e95038fdaf67a1fadc72	dd570df2ddb279f52f8d7b302f8538a7777b37d7
lem-structured-notes/caldav-xml	extensions/structured-notes/src/caldav-source-unchanged-witness.lisp	ac7ac1a2d6bcb5d489f735e95a737d9362e56bc4	dd570df2ddb279f52f8d7b302f8538a7777b37d7
lem-structured-notes/caldav-xml	extensions/structured-notes/src/caldav-multi-file-series-source-change.lisp	e865662a62e43849363028c6e52d4360b7a36821	dd570df2ddb279f52f8d7b302f8538a7777b37d7
lem-structured-notes/caldav-xml	extensions/structured-notes/src/caldav-multi-file-series-journal.lisp	0050be97e113cde5e496f4e0e16d301bbed08431	dd570df2ddb279f52f8d7b302f8538a7777b37d7
lem-structured-notes/caldav-xml	extensions/structured-notes/src/caldav-merge-orchestration.lisp	25b8203625b56dac9117bf25c65211c8a94465c0	dd570df2ddb279f52f8d7b302f8538a7777b37d7
lem-structured-notes/caldav-xml	extensions/structured-notes/src/caldav-merge-execution.lisp	15c1b55e45a4543eadea18938d35dc827a8f696f	dd570df2ddb279f52f8d7b302f8538a7777b37d7
lem-structured-notes/caldav-xml	extensions/structured-notes/src/caldav-binding-retirement.lisp	aedbd575600ca1a36e318b2bfb1118e89d29e5cd	dd570df2ddb279f52f8d7b302f8538a7777b37d7
lem-structured-notes/caldav-xml	extensions/structured-notes/src/caldav-write-attempt-store.lisp	c84589295dde8cbebfbc519e4df65520ab1d0701	dd570df2ddb279f52f8d7b302f8538a7777b37d7
lem-structured-notes/caldav-xml	extensions/structured-notes/src/caldav-mkcalendar-store.lisp	02fbaab5e82eeace1e73b72e03dcc1a9a4e2262d	dd570df2ddb279f52f8d7b302f8538a7777b37d7
lem-structured-notes/caldav-xml	extensions/structured-notes/src/caldav-add-member-store.lisp	a9bdcbb0e72db15ca9a68d9b58b1db47c714b00a	dd570df2ddb279f52f8d7b302f8538a7777b37d7
lem-structured-notes/caldav-xml	extensions/structured-notes/src/caldav-add-member-refetch-store.lisp	f5511f9d9aed8839a1277e20a3b4d0fb30de0dce	dd570df2ddb279f52f8d7b302f8538a7777b37d7
lem-structured-notes/caldav-xml	extensions/structured-notes/src/caldav-add-member-completion-store.lisp	ba7ba48a571baa3996ebdbfa6e09d0f1684ee2e9	dd570df2ddb279f52f8d7b302f8538a7777b37d7
lem-structured-notes/caldav-xml	extensions/structured-notes/src/caldav-add-member-operation-graph-migration.lisp	76dffb3f5281d10f216d7fbadcf8034b501b979f	dd570df2ddb279f52f8d7b302f8538a7777b37d7
lem-structured-notes/caldav-xml	extensions/structured-notes/src/caldav-mkcalendar-reconciliation.lisp	a2c1185790e1f218eece20647ede572a731123cb	dd570df2ddb279f52f8d7b302f8538a7777b37d7
lem-structured-notes/caldav-xml	extensions/structured-notes/src/icalendar-refresh-attempt-store.lisp	cb119b90fc1c7107030cc280452ef58e0d44ba91	dd570df2ddb279f52f8d7b302f8538a7777b37d7
lem-structured-notes/caldav-xml	extensions/structured-notes/src/caldav-managed-attachment-store.lisp	f49bbb6c4c8c9a37b2fc61a0f52ae36790dc4ff6	dd570df2ddb279f52f8d7b302f8538a7777b37d7
lem-structured-notes/caldav-xml	extensions/structured-notes/src/caldav-managed-attachment-refetch-store.lisp	8d201a9f8c323cc423da89f4819e6f019b5792c5	dd570df2ddb279f52f8d7b302f8538a7777b37d7
lem-structured-notes/caldav-xml	extensions/structured-notes/src/caldav-managed-attachment-completion-store.lisp	10626a4bb8b4815bf4d936449af2057868cf8174	dd570df2ddb279f52f8d7b302f8538a7777b37d7
lem-structured-notes/caldav-xml	extensions/structured-notes/src/caldav-managed-attachment-retention.lisp	71ee71811bd6c74027c277c2d4fee13e2efdc5f8	dd570df2ddb279f52f8d7b302f8538a7777b37d7
lem-structured-notes/caldav-xml	extensions/structured-notes/src/caldav-write-reconciliation-store.lisp	6a1316268518f9d69771673d0ff9db64d53234cd	dd570df2ddb279f52f8d7b302f8538a7777b37d7
lem-structured-notes/caldav-xml	extensions/structured-notes/src/caldav-write-completion-store.lisp	eb89751b8f98caaf54af15337b965fdff3276f94	dd570df2ddb279f52f8d7b302f8538a7777b37d7
lem-structured-notes/caldav-xml	extensions/structured-notes/src/caldav-scheduling-refresh-store.lisp	33873be4818f5bbe54d761f169c794b5674959f6	dd570df2ddb279f52f8d7b302f8538a7777b37d7
lem-structured-notes/caldav-xml	extensions/structured-notes/src/caldav-scheduling-counter.lisp	9c4961b90fa33d7658046c147892fc0b43b4228e	dd570df2ddb279f52f8d7b302f8538a7777b37d7
lem-structured-notes/caldav-xml	extensions/structured-notes/src/caldav-scheduling-counter-accept.lisp	3ad2a2d46d7b972b45d933993c9bb3b591e29dd1	dd570df2ddb279f52f8d7b302f8538a7777b37d7
lem-structured-notes/caldav-xml	extensions/structured-notes/src/caldav-scheduling-imip.lisp	ccf0d3f119dddad7cd7cec2cb6adcfb4a0d28dc7	dd570df2ddb279f52f8d7b302f8538a7777b37d7
lem-structured-notes/caldav-xml	extensions/structured-notes/src/caldav-scheduling-delegation-imip.lisp	2abc90fc4d2ef500bbd41ba137abf8459fe2ca25	dd570df2ddb279f52f8d7b302f8538a7777b37d7
lem-structured-notes/caldav-xml	extensions/structured-notes/src/caldav-scheduling-forwarding-imip.lisp	553301c6d388b0ac64a4d0cfce57090abb1a1e3c	dd570df2ddb279f52f8d7b302f8538a7777b37d7
lem-structured-notes/caldav-xml	extensions/structured-notes/src/caldav-scheduling-imip-route.lisp	3da600734efb6cabb1b5150bd12a95cbaf2da431	dd570df2ddb279f52f8d7b302f8538a7777b37d7
lem-structured-notes/caldav-xml	extensions/structured-notes/src/caldav-scheduling-imip-route-store.lisp	c3c6dd9e6cc243b4a2d1d44f586adc2a0982effe	dd570df2ddb279f52f8d7b302f8538a7777b37d7
lem-structured-notes/caldav-xml	extensions/structured-notes/src/caldav-rscale-itip-imip.lisp	61bc0cd9cf8d54f5bb1d5800d82f991c094929fe	dd570df2ddb279f52f8d7b302f8538a7777b37d7
lem-structured-notes/caldav-xml	extensions/structured-notes/src/caldav-rscale-itip-store.lisp	472701b67528a6d164d6ffbb5a19a62c801b1b17	dd570df2ddb279f52f8d7b302f8538a7777b37d7
lem-structured-notes/caldav-xml	extensions/structured-notes/src/caldav-rscale-itip-signing-store.lisp	0bf008d468bd9587512f4e210c76e5da63ec7718	dd570df2ddb279f52f8d7b302f8538a7777b37d7
lem-structured-notes/caldav-xml	extensions/structured-notes/src/caldav-scheduling-forwarding-signing-store.lisp	e035f6952fccc5687635939ba875bab82b7a18e5	dd570df2ddb279f52f8d7b302f8538a7777b37d7
lem-structured-notes/caldav-xml	extensions/structured-notes/src/rfc5322-address.lisp	7f6e1a95a9df0a5164ff142e0e2593a837cf5f5b	dd570df2ddb279f52f8d7b302f8538a7777b37d7
lem-structured-notes/caldav-xml	extensions/structured-notes/src/rfc5322-field.lisp	f687f7e31b34b12c894c2b06f75d8009693dbcb1	dd570df2ddb279f52f8d7b302f8538a7777b37d7
lem-structured-notes/caldav-xml	extensions/structured-notes/src/caldav-scheduling-mdn-registry.lisp	73da468ffd356d35e98abd2246fd9fdfe236cd44	dd570df2ddb279f52f8d7b302f8538a7777b37d7
lem-structured-notes/caldav-xml	extensions/structured-notes/src/caldav-scheduling-mdn-registry-audit.lisp	5f6cbc44ccce19f9540209e55007ed72fc8de028	dd570df2ddb279f52f8d7b302f8538a7777b37d7
lem-structured-notes/caldav-xml	extensions/structured-notes/src/caldav-scheduling-forwarding-message-store.lisp	975a0da94fd491cc786895b5c88689bf660723dd	dd570df2ddb279f52f8d7b302f8538a7777b37d7
lem-structured-notes/caldav-xml	extensions/structured-notes/src/caldav-scheduling-forwarding-certificate-store.lisp	550ce77eb922d6893fbb63dc2b932f55f4ef2815	dd570df2ddb279f52f8d7b302f8538a7777b37d7
lem-structured-notes/caldav-xml	extensions/structured-notes/src/caldav-scheduling-forwarding-smime-store.lisp	f0f0bc35db3223cb1daa3102a18cae9492ca1982	dd570df2ddb279f52f8d7b302f8538a7777b37d7
lem-structured-notes/caldav-xml	extensions/structured-notes/src/caldav-scheduling-forwarding-signing-message-migration.lisp	defc91d3f73228cb890e17a25a9e2cfa7eb75446	dd570df2ddb279f52f8d7b302f8538a7777b37d7
lem-structured-notes/caldav-xml	extensions/structured-notes/src/caldav-scheduling-forwarding-smime-run.lisp	4765d54d1197fe047cb9b0134852ee806c9e20b3	dd570df2ddb279f52f8d7b302f8538a7777b37d7
lem-structured-notes/caldav-xml	extensions/structured-notes/src/caldav-rscale-itip-smime-store.lisp	a446964d68c0ee0ab02f47f7b144d86d0ccabbbe	dd570df2ddb279f52f8d7b302f8538a7777b37d7
lem-structured-notes/caldav-xml	extensions/structured-notes/src/caldav-scheduling-forwarding-smime-compose.lisp	4070c5ec339dd56c456bf229b13bcf7ffe74af26	dd570df2ddb279f52f8d7b302f8538a7777b37d7
lem-structured-notes/caldav-xml	extensions/structured-notes/src/caldav-scheduling-forwarding-smime-openssl.lisp	2a1e32f67b06a64422607e5ec5ee772c2907c8d5	dd570df2ddb279f52f8d7b302f8538a7777b37d7
lem-structured-notes/caldav-xml	extensions/structured-notes/src/caldav-rscale-itip-smime-openssl.lisp	29a8e8a7d0c36ca86964edc2fedf63ada3908629	dd570df2ddb279f52f8d7b302f8538a7777b37d7
lem-structured-notes/caldav-xml	extensions/structured-notes/src/caldav-rscale-itip-message-store.lisp	d95debb6175a4a2975755f8e4235caf31200427e	dd570df2ddb279f52f8d7b302f8538a7777b37d7
lem-structured-notes/caldav-xml	extensions/structured-notes/src/caldav-scheduling-forwarding-submission-store.lisp	9527a543f30c1b65466baf888e1ae3c6a8cf6a36	dd570df2ddb279f52f8d7b302f8538a7777b37d7
lem-structured-notes/caldav-xml	extensions/structured-notes/src/caldav-scheduling-forwarding-smime-submission-migration.lisp	d9fe42baa468786e260e4b2fa367777d60663582	dd570df2ddb279f52f8d7b302f8538a7777b37d7
lem-structured-notes/caldav-xml	extensions/structured-notes/src/caldav-scheduling-forwarding-submission-run.lisp	b4b427250b130a56547a6766db796a43cb323fd8	dd570df2ddb279f52f8d7b302f8538a7777b37d7
lem-structured-notes/caldav-xml	extensions/structured-notes/src/idna2008.lisp	88194de664ebc6909be13f9e3d1f985028f466b2	dd570df2ddb279f52f8d7b302f8538a7777b37d7
lem-structured-notes/caldav-xml	extensions/structured-notes/src/caldav-scheduling-smtputf8-address.lisp	7e5db0546baeac51e0f57ea36bb082cfb204f1dd	dd570df2ddb279f52f8d7b302f8538a7777b37d7
lem-structured-notes/caldav-xml	extensions/structured-notes/src/caldav-scheduling-dsn-request.lisp	da67be8db809a109fb43bfe4836d69b66cf0a37f	dd570df2ddb279f52f8d7b302f8538a7777b37d7
lem-structured-notes/caldav-xml	extensions/structured-notes/src/caldav-scheduling-mdn-request.lisp	a88e9eb7677d331c3224a40e99405649080de477	dd570df2ddb279f52f8d7b302f8538a7777b37d7
lem-structured-notes/caldav-xml	extensions/structured-notes/src/caldav-scheduling-mdn-issuance-store.lisp	aac38496c9131deff574edd932d16a32eed1150d	dd570df2ddb279f52f8d7b302f8538a7777b37d7
lem-structured-notes/caldav-xml	extensions/structured-notes/src/caldav-rscale-itip-smtp-codec.lisp	e10e58eab6bd3a591d64f8858d471a4335179bb0	dd570df2ddb279f52f8d7b302f8538a7777b37d7
lem-structured-notes/caldav-xml	extensions/structured-notes/src/caldav-rscale-itip-submission.lisp	08c419092fdb44950d6de3cfd83dd2fbf29be8c1	dd570df2ddb279f52f8d7b302f8538a7777b37d7
lem-structured-notes/caldav-xml	extensions/structured-notes/src/caldav-scheduling-smtputf8-audit.lisp	3ae28ff99aae82f9b00965c46ed85627089dec85	dd570df2ddb279f52f8d7b302f8538a7777b37d7
lem-structured-notes/caldav-xml	extensions/structured-notes/src/caldav-scheduling-delivery-status.lisp	904252c27cc10dab61aab51d0102e75619ec9926	dd570df2ddb279f52f8d7b302f8538a7777b37d7
lem-structured-notes/caldav-xml	extensions/structured-notes/src/caldav-scheduling-disposition-notification.lisp	8e80a52801f0058aaceda7013715df8c9fc93822	dd570df2ddb279f52f8d7b302f8538a7777b37d7
lem-structured-notes/caldav-xml	extensions/structured-notes/src/caldav-scheduling-delivery-report.lisp	8210e3d9e3b131dc6cd7689a0b0d4edab4d63a16	dd570df2ddb279f52f8d7b302f8538a7777b37d7
lem-structured-notes/caldav-xml	extensions/structured-notes/src/caldav-scheduling-disposition-report.lisp	89aa3d748abc1548dfb7a8f3fb8df8e7e86c23b7	dd570df2ddb279f52f8d7b302f8538a7777b37d7
lem-structured-notes/caldav-xml	extensions/structured-notes/src/caldav-scheduling-mdn-message-store.lisp	8d17132e1caa760790e5fe3874c7237d94cf5073	dd570df2ddb279f52f8d7b302f8538a7777b37d7
lem-structured-notes/caldav-xml	extensions/structured-notes/src/caldav-scheduling-mdn-submission.lisp	d5cd71da37dacd33d9ff9ad7b98184b92ef41bba	dd570df2ddb279f52f8d7b302f8538a7777b37d7
lem-structured-notes/caldav-xml	extensions/structured-notes/src/caldav-scheduling-delivery-report-discovery.lisp	d7d1f24bd91b34f4a44f33ecabaa06199d148097	dd570df2ddb279f52f8d7b302f8538a7777b37d7
lem-structured-notes/caldav-xml	extensions/structured-notes/src/caldav-scheduling-mdn-correlation.lisp	7949b8b2aaaa5aa3b43b5bba5e2a265a3b3be474	dd570df2ddb279f52f8d7b302f8538a7777b37d7
lem-structured-notes/caldav-xml	extensions/structured-notes/src/caldav-scheduling-mdn-retention.lisp	81aa1a2725c056858b64099a23d7e375743dabac	dd570df2ddb279f52f8d7b302f8538a7777b37d7
lem-structured-notes/caldav-xml	extensions/structured-notes/src/caldav-scheduling-mdn-authentication.lisp	c00232f9e76d1a83d0969b94efae20f8bd439829	dd570df2ddb279f52f8d7b302f8538a7777b37d7
lem-structured-notes/caldav-xml	extensions/structured-notes/src/caldav-scheduling-mdn-authentication-openssl.lisp	4173c1cc53126c64fffaec1169ab6a845eabf58a	dd570df2ddb279f52f8d7b302f8538a7777b37d7
lem-structured-notes/caldav-xml	extensions/structured-notes/src/caldav-scheduling-mdn-reconciliation.lisp	2966c972fd55852a803d8e1ea1e0d047d8f0a116	dd570df2ddb279f52f8d7b302f8538a7777b37d7
lem-structured-notes/caldav-xml	extensions/structured-notes/src/caldav-scheduling-mdn-presentation-projection.lisp	d8122060dae6818f33fdd2236e222ee803fd0845	dd570df2ddb279f52f8d7b302f8538a7777b37d7
lem-structured-notes/caldav-xml	extensions/structured-notes/src/caldav-scheduling-mdn-presentation-projection-store.lisp	dee0266e5b73a25777c936909c5e11a983ac2514	dd570df2ddb279f52f8d7b302f8538a7777b37d7
lem-structured-notes/caldav-xml	extensions/structured-notes/src/caldav-scheduling-dsn-correlation.lisp	210fe526b08cf9dbba7bf4eead283edf8b39fafe	dd570df2ddb279f52f8d7b302f8538a7777b37d7
lem-structured-notes/caldav-xml	extensions/structured-notes/src/caldav-scheduling-dsn-retention.lisp	857a1460eab3b5d63de6c18a55158e2a36a34e0d	dd570df2ddb279f52f8d7b302f8538a7777b37d7
lem-structured-notes/caldav-xml	extensions/structured-notes/src/caldav-scheduling-dsn-authentication.lisp	6f39d5d378cddcc949df7101051bf29169763532	dd570df2ddb279f52f8d7b302f8538a7777b37d7
lem-structured-notes/caldav-xml	extensions/structured-notes/src/caldav-scheduling-dsn-authentication-openssl.lisp	b7383f588ea37e7fd35fab036e4892ba82326dc7	dd570df2ddb279f52f8d7b302f8538a7777b37d7
lem-structured-notes/caldav-xml	extensions/structured-notes/src/caldav-scheduling-dsn-reconciliation.lisp	a323d4675a49508634af49bdcda4a559e9d861cc	dd570df2ddb279f52f8d7b302f8538a7777b37d7
lem-structured-notes/caldav-xml	extensions/structured-notes/src/caldav-scheduling-dsn-delivery-projection.lisp	c0ec9e32988cf2efa83b14df8e92ccbe58a6d080	dd570df2ddb279f52f8d7b302f8538a7777b37d7
lem-structured-notes/caldav-xml	extensions/structured-notes/src/caldav-scheduling-dsn-delivery-projection-store.lisp	97d4122e01c5f3db1a67935d1007fb41f8265624	dd570df2ddb279f52f8d7b302f8538a7777b37d7
lem-structured-notes/caldav-xml	extensions/structured-notes/src/caldav-scheduling-retention-catalog.lisp	8b91a6869ed650deb4999e36b7fda4ea92ff9a6b	dd570df2ddb279f52f8d7b302f8538a7777b37d7
lem-structured-notes/caldav-xml	extensions/structured-notes/src/caldav-scheduling-dsn-delivery-projection-retention.lisp	2700cbb760bddc99ff95d4ebadba461eba7811e4	dd570df2ddb279f52f8d7b302f8538a7777b37d7
lem-structured-notes/caldav-xml	extensions/structured-notes/src/caldav-scheduling-mdn-presentation-projection-retention.lisp	7cf4fbfbcac3002e7fcd465b9c9b98a20af03411	dd570df2ddb279f52f8d7b302f8538a7777b37d7
lem-structured-notes/caldav-xml	extensions/structured-notes/src/caldav-scheduling-dsn-evidence-retirement.lisp	7d9a7d19d30acea69742dcd2fa2f20c17ab71a31	dd570df2ddb279f52f8d7b302f8538a7777b37d7
lem-structured-notes/caldav-xml	extensions/structured-notes/src/caldav-scheduling-mdn-evidence-retirement.lisp	25294774db209b1eca8bdf425520673e78ae3618	dd570df2ddb279f52f8d7b302f8538a7777b37d7
lem-structured-notes/caldav-xml	extensions/structured-notes/src/caldav-rscale-itip-message-attempt-migration.lisp	2bf216d29031cdf5139be6898963c530dea62a77	dd570df2ddb279f52f8d7b302f8538a7777b37d7
lem-structured-notes/caldav-xml	extensions/structured-notes/src/caldav-rscale-itip-multi-attempt-result-migration.lisp	47fdd6b4353dca31be409d2472a49577680748d1	dd570df2ddb279f52f8d7b302f8538a7777b37d7
lem-structured-notes/caldav-xml	extensions/structured-notes/src/caldav-scheduling-freebusy-store.lisp	6fef4c5405b0ccbbadfe4babddcea65827c969fa	dd570df2ddb279f52f8d7b302f8538a7777b37d7
lem-structured-notes/caldav-xml	extensions/structured-notes/src/caldav-scheduling-freebusy-retention.lisp	7f7041abbae1334dc682c27db32bd2bd9408dd38	dd570df2ddb279f52f8d7b302f8538a7777b37d7
lem-structured-notes/caldav-xml	extensions/structured-notes/src/caldav-scheduling-inbox-application.lisp	f3eadc82e1717cfb8425b4724c84b8af004ba1b9	dd570df2ddb279f52f8d7b302f8538a7777b37d7
lem-structured-notes/caldav-xml	extensions/structured-notes/src/caldav-scheduling-forwarding-reply.lisp	c3f1b3becc750a35198160386c8cd8c44c5220c3	dd570df2ddb279f52f8d7b302f8538a7777b37d7
lem-structured-notes/caldav-xml	extensions/structured-notes/src/caldav-scheduling-delegate-correction.lisp	7b631fd3ecad7cf0dfb22430e1a1cab2844f58d5	dd570df2ddb279f52f8d7b302f8538a7777b37d7
lem-structured-notes/caldav-xml	extensions/structured-notes/src/caldav-scheduling-delegate-correction-store.lisp	24fc24ef5c0ecff250fb1542f85b23157a3f24ba	dd570df2ddb279f52f8d7b302f8538a7777b37d7
lem-structured-notes/caldav-xml	extensions/structured-notes/src/caldav-scheduling-inbox-correction-store.lisp	377a435d5d7b17722b67fee37dc9405477c2e63b	dd570df2ddb279f52f8d7b302f8538a7777b37d7
lem-structured-notes/caldav-xml	extensions/structured-notes/src/caldav-scheduling-projection-journal.lisp	81d3937ea6395b02722fd8bd77c33937a65cd11d	dd570df2ddb279f52f8d7b302f8538a7777b37d7
lem-structured-notes/caldav-xml	extensions/structured-notes/src/caldav-scheduling-projection-review.lisp	443626f171e18519e3159cd6d97658f22f3a9585	dd570df2ddb279f52f8d7b302f8538a7777b37d7
lem-structured-notes/caldav-xml	extensions/structured-notes/src/caldav-scheduling-projection-command.lisp	a52591d87aceabc36ca43caf7479aa90c2a25113	dd570df2ddb279f52f8d7b302f8538a7777b37d7
lem-structured-notes/caldav-xml	extensions/structured-notes/src/caldav-scheduling-projection-retention.lisp	e14a17e1d997996999c7a11b5fa0265313511c38	dd570df2ddb279f52f8d7b302f8538a7777b37d7
lem-structured-notes/caldav-xml	extensions/structured-notes/src/caldav-scheduling-inbox-retirement-store.lisp	f9806bbd6a0db2466d51f98a5a011decee7d7edc	dd570df2ddb279f52f8d7b302f8538a7777b37d7
lem-structured-notes/caldav-xml	extensions/structured-notes/src/caldav-scheduling-inbox-retirement-attempt-store.lisp	ffaf5228c0aa137b2a10635ac15b512dd7dbb2e4	dd570df2ddb279f52f8d7b302f8538a7777b37d7
lem-structured-notes/caldav-xml	extensions/structured-notes/src/caldav-scheduling-inbox-retirement-reconciliation.lisp	169bf273faac8b5626b94e4e4cfd793340bff7c1	dd570df2ddb279f52f8d7b302f8538a7777b37d7
lem-structured-notes/caldav-xml	extensions/structured-notes/src/caldav-scheduling-inbox-retention.lisp	db1c2205fd62d34e9481ea034cec8d323ebbbe08	dd570df2ddb279f52f8d7b302f8538a7777b37d7
lem-structured-notes/caldav-xml	extensions/structured-notes/src/caldav-scheduling-inbox-history-migration.lisp	c7761bcb58acf01eac9f9d94f19d67b3220e81bc	dd570df2ddb279f52f8d7b302f8538a7777b37d7
lem-structured-notes/caldav-xml	extensions/structured-notes/src/caldav-scheduling-retention-execution.lisp	532ca728756dcc2329a22d1df61a8c1b18533cb5	dd570df2ddb279f52f8d7b302f8538a7777b37d7
lem-structured-notes/caldav-xml	extensions/structured-notes/src/caldav-scheduling-inbox-operation-graph-migration.lisp	cbf88e5a80da364ccedbb350f1295aa2d026f91b	dd570df2ddb279f52f8d7b302f8538a7777b37d7
lem-structured-notes/caldav-xml	extensions/structured-notes/src/caldav-scheduling-inbox-terminal-graph-migration.lisp	e6da57e8e6bc2caf4fcef38dff9d1d57dc4569d7	dd570df2ddb279f52f8d7b302f8538a7777b37d7
lem-structured-notes/caldav-xml	extensions/structured-notes/src/caldav-scheduling-retention-review.lisp	62b210cbfa105053e70b14e8bad731ba483fe8aa	dd570df2ddb279f52f8d7b302f8538a7777b37d7
lem-structured-notes/caldav-xml	extensions/structured-notes/src/caldav-write-review-store.lisp	e9f2ff6c59257390d05589aa302a10102009d928	dd570df2ddb279f52f8d7b302f8538a7777b37d7
lem-structured-notes/caldav-xml	extensions/structured-notes/src/caldav-merge-artifact.lisp	a9e61297e98d365641c773ed2f75ab98fff83ad0	dd570df2ddb279f52f8d7b302f8538a7777b37d7
lem-structured-notes/caldav-xml	extensions/structured-notes/src/caldav-series-artifact.lisp	83f1493a582cd2387a00fa95a4f07be06d6220cc	dd570df2ddb279f52f8d7b302f8538a7777b37d7
lem-structured-notes/caldav-xml	extensions/structured-notes/src/caldav-merge-commit.lisp	40b5774e34588651c09da50df6ae26bca60f6359	dd570df2ddb279f52f8d7b302f8538a7777b37d7
lem-structured-notes/caldav-xml	extensions/structured-notes/src/caldav-sync-local-merge.lisp	898a94a0742cbca758cf1dc8c83af97f5cbb0e5c	dd570df2ddb279f52f8d7b302f8538a7777b37d7
lem-structured-notes/caldav-xml	extensions/structured-notes/src/caldav-sync-remote-parent.lisp	84e9129ed5063f430589004a9cc1926fd303964e	dd570df2ddb279f52f8d7b302f8538a7777b37d7
lem-structured-notes/caldav-xml	extensions/structured-notes/src/caldav-sync-series-parent.lisp	2b102a6a39b91b127d400c004ba55c61a3fc91e7	dd570df2ddb279f52f8d7b302f8538a7777b37d7
lem-structured-notes/caldav-xml	extensions/structured-notes/src/caldav-sync-series-operation-graph-migration.lisp	243dd8938bd9978b8572c678b81951e3280ca4cc	dd570df2ddb279f52f8d7b302f8538a7777b37d7
lem-structured-notes/caldav-xml	extensions/structured-notes/src/caldav-lsm-series-workspace-config.lisp	d903cbed269e5e0f4728c9b74c157ea1c780231d	dd570df2ddb279f52f8d7b302f8538a7777b37d7
lem-structured-notes/caldav-xml	extensions/structured-notes/src/caldav-write-graph-migration.lisp	191f4f31cf75981a6caf246fa4f5e87f4e57fb71	dd570df2ddb279f52f8d7b302f8538a7777b37d7
lem-structured-notes/caldav-http	extensions/structured-notes/src/precis-profiles.lisp	b552fb104441d501aa43480f45f342b031c1a472	dd570df2ddb279f52f8d7b302f8538a7777b37d7
lem-structured-notes/caldav-http	extensions/structured-notes/src/unicode17-security.lisp	d9f2b1d98c79faf71acd64916390defde8c645d2	dd570df2ddb279f52f8d7b302f8538a7777b37d7
lem-structured-notes/caldav-http	extensions/structured-notes/src/caldav-http.lisp	b43df21418ffa2474df67f1bf589747eeee52817	dd570df2ddb279f52f8d7b302f8538a7777b37d7
lem-structured-notes/caldav-http	extensions/structured-notes/src/dav-http1-codec.lisp	479aead10b39963f5269f3b5dcc2b424f00436a7	dd570df2ddb279f52f8d7b302f8538a7777b37d7
lem-structured-notes/caldav-http	extensions/structured-notes/src/dav-http1-tls-backend.lisp	081c6d23d8d730dbe9c037c35406d58247f21a37	dd570df2ddb279f52f8d7b302f8538a7777b37d7
lem-structured-notes/caldav-http	extensions/structured-notes/src/caldav-rscale-itip-smtp-transport.lisp	554a28ab9c5cb53fd0b6171a525eb901fb28eae2	dd570df2ddb279f52f8d7b302f8538a7777b37d7
lem-structured-notes/caldav-http	extensions/structured-notes/src/caldav-scheduling-mdn-smtp-transport.lisp	dae559b2656f5dcfddb5b3570730994157337ac6	dd570df2ddb279f52f8d7b302f8538a7777b37d7
lem-structured-notes/caldav-http	extensions/structured-notes/src/dav-http-digest.lisp	8915d3183d8b8c13893f4b2ca7cba41d8ac25434	dd570df2ddb279f52f8d7b302f8538a7777b37d7
lem-structured-notes/caldav-http	extensions/structured-notes/src/dav-http-basic.lisp	a2baeeb47355048ec0b7374fe2f288829a134b7b	dd570df2ddb279f52f8d7b302f8538a7777b37d7
lem-structured-notes/caldav-http	extensions/structured-notes/src/dav-http-digest-run.lisp	2563a6dac140811fc5c754095dc7b666bd8626f7	dd570df2ddb279f52f8d7b302f8538a7777b37d7
lem-structured-notes/caldav-http	extensions/structured-notes/src/dav-propfind-http-run.lisp	9c57c60cb5d25dee6327dcf053cd7e9ea7ca32b7	dd570df2ddb279f52f8d7b302f8538a7777b37d7
lem-structured-notes/caldav-http	extensions/structured-notes/src/webdav-acl-http-run.lisp	426ec5dac1ee6ce995388c8d85bbe4358fab0390	dd570df2ddb279f52f8d7b302f8538a7777b37d7
lem-structured-notes/caldav-http	extensions/structured-notes/src/dav-proppatch-http-run.lisp	6ca7c0ed30010f11ba494f69b571fd2d24e3758e	dd570df2ddb279f52f8d7b302f8538a7777b37d7
lem-structured-notes/caldav-http	extensions/structured-notes/src/caldav-mkcalendar-http-run.lisp	09795bcf082f5a0f668ca39fb24270ade0b3733a	dd570df2ddb279f52f8d7b302f8538a7777b37d7
lem-structured-notes/caldav-http	extensions/structured-notes/src/caldav-add-member-http-run.lisp	5c4d2b468ba20141b0766a43f48ab239071a30b2	dd570df2ddb279f52f8d7b302f8538a7777b37d7
lem-structured-notes/caldav-http	extensions/structured-notes/src/caldav-mkcalendar-reconciliation-http-run.lisp	4311d26eb99ac0fa9ef865a4f8c091edc7784e35	dd570df2ddb279f52f8d7b302f8538a7777b37d7
lem-structured-notes/caldav-http	extensions/structured-notes/src/caldav-timezone-proppatch-recovery.lisp	90c23e112b39d05df1f2c0f282e7b0d5df76d1d3	dd570df2ddb279f52f8d7b302f8538a7777b37d7
lem-structured-notes/caldav-http	extensions/structured-notes/src/caldav-read-http-run.lisp	04da29eb0d24f11ea2845e9869f89554f4d8a228	dd570df2ddb279f52f8d7b302f8538a7777b37d7
lem-structured-notes/caldav-http	extensions/structured-notes/src/caldav-etag-http-run.lisp	3c6da170f68134a6005a578ad41888a09af4b8ef	dd570df2ddb279f52f8d7b302f8538a7777b37d7
lem-structured-notes/caldav-http	extensions/structured-notes/src/dav-report-http-run.lisp	411fe823ebb47ee53f10643f81a931be8f3ec3bf	dd570df2ddb279f52f8d7b302f8538a7777b37d7
lem-structured-notes/caldav-http	extensions/structured-notes/src/caldav-query-http-run.lisp	4c9cc31efd685c11d7fb417cb29bec7bafc412e1	dd570df2ddb279f52f8d7b302f8538a7777b37d7
lem-structured-notes/caldav-http	extensions/structured-notes/src/caldav-query-recovery.lisp	52a7dd49138c6bddb1215a4979b33ea443876e26	dd570df2ddb279f52f8d7b302f8538a7777b37d7
lem-structured-notes/caldav-http	extensions/structured-notes/src/caldav-multiget-http-run.lisp	3b73cbb6953232beabb872fdd4e2abd8a36f1b5e	dd570df2ddb279f52f8d7b302f8538a7777b37d7
lem-structured-notes/caldav-http	extensions/structured-notes/src/caldav-calendar-data-base-http-run.lisp	2a1dfc8f54ddb35e9d8e7e5d62787c2b13f7c4fb	dd570df2ddb279f52f8d7b302f8538a7777b37d7
lem-structured-notes/caldav-http	extensions/structured-notes/src/caldav-multiget-batch-http-run.lisp	693a1e153815490a7caf95c7951724493c7ce624	dd570df2ddb279f52f8d7b302f8538a7777b37d7
lem-structured-notes/caldav-http	extensions/structured-notes/src/caldav-freebusy-http-run.lisp	6a158bdfe7bae3f46037dbaae4b5f8176cbea371	dd570df2ddb279f52f8d7b302f8538a7777b37d7
lem-structured-notes/caldav-http	extensions/structured-notes/src/caldav-freebusy-recovery.lisp	79fbcc49df93ccf8438a6f1e3933d11b65f13dbd	dd570df2ddb279f52f8d7b302f8538a7777b37d7
lem-structured-notes/caldav-http	extensions/structured-notes/src/webdav-principal-search-http-run.lisp	e5badcf7cc2110c2b1992cb9fa09fbf1a6422ddd	dd570df2ddb279f52f8d7b302f8538a7777b37d7
lem-structured-notes/caldav-http	extensions/structured-notes/src/dav-options-http-run.lisp	b4937432a50403a1cad9563f4d60cf36b971b8ff	dd570df2ddb279f52f8d7b302f8538a7777b37d7
lem-structured-notes/caldav-http	extensions/structured-notes/src/caldav-collection-http-run.lisp	7ebac9a9bc97472d9c6a41c78f9c077379b093c7	dd570df2ddb279f52f8d7b302f8538a7777b37d7
lem-structured-notes/caldav-http	extensions/structured-notes/src/caldav-bootstrap-http-run.lisp	43e0b60f0f5a2d7ee31bd7d3770711c33e4e1417	dd570df2ddb279f52f8d7b302f8538a7777b37d7
lem-structured-notes/caldav-http	extensions/structured-notes/src/tzdist-context-discovery-http-run.lisp	1b87f0d7a15bb4405f70e6699cdf8ab185d27082	dd570df2ddb279f52f8d7b302f8538a7777b37d7
lem-structured-notes/caldav-http	extensions/structured-notes/src/tzdist-context-redirect-cache.lisp	967b18c3551fb15a39cf60f07b363511b01324f2	dd570df2ddb279f52f8d7b302f8538a7777b37d7
lem-structured-notes/caldav-http	extensions/structured-notes/src/caldav-bootstrap-auth-http-run.lisp	1d89878687ecc655c12e0aa1260fccc4f3d489e6	dd570df2ddb279f52f8d7b302f8538a7777b37d7
lem-structured-notes/caldav-http	extensions/structured-notes/src/tzdist-context-discovery-auth-http-run.lisp	6c5babf823c8cdf518a153db8c5442017e2dcc90	dd570df2ddb279f52f8d7b302f8538a7777b37d7
lem-structured-notes/caldav-http	extensions/structured-notes/src/caldav-account-discovery-http-run.lisp	65f0137cc09cc5be5618ef9331acdf5dfadb7481	dd570df2ddb279f52f8d7b302f8538a7777b37d7
lem-structured-notes/caldav-http	extensions/structured-notes/src/caldav-account-capability-http-run.lisp	72f338a5a90ec9057111819e3c1175a522954254	dd570df2ddb279f52f8d7b302f8538a7777b37d7
lem-structured-notes/caldav-http	extensions/structured-notes/src/caldav-calendar-capability-http-run.lisp	64759929c24952bf8496b7cfcfbf8b4e087f01f9	dd570df2ddb279f52f8d7b302f8538a7777b37d7
lem-structured-notes/caldav-http	extensions/structured-notes/src/caldav-capability-reconciliation.lisp	847249ad34df8e2dd1cb3f9269eb9dc874091abc	dd570df2ddb279f52f8d7b302f8538a7777b37d7
lem-structured-notes/caldav-http	extensions/structured-notes/src/caldav-capability-cache-store.lisp	9dbd20ecbc3f0fa635f8a001c5e9db99e44f981c	dd570df2ddb279f52f8d7b302f8538a7777b37d7
lem-structured-notes/caldav-http	extensions/structured-notes/src/caldav-server-quirk-store.lisp	a3f50c39a1a40edfce6e558dd1cc1fe0b11061ae	dd570df2ddb279f52f8d7b302f8538a7777b37d7
lem-structured-notes/caldav-http	extensions/structured-notes/src/tzdist-cache-store.lisp	60637a7fd535f036963156dcbc0e1a3e7706baf8	dd570df2ddb279f52f8d7b302f8538a7777b37d7
lem-structured-notes/caldav-http	extensions/structured-notes/src/tzdist-privacy-schedule.lisp	6f45a7c5fb5df6962cfa83e5df37de44e42da959	dd570df2ddb279f52f8d7b302f8538a7777b37d7
lem-structured-notes/caldav-http	extensions/structured-notes/src/tzdist-exchange-store.lisp	e6f196ceca30a59820f9fc0ff96ad96703d3ed19	dd570df2ddb279f52f8d7b302f8538a7777b37d7
lem-structured-notes/caldav-http	extensions/structured-notes/src/tzdist-http-run.lisp	0591e02b6a58bcf733678d5a886edef221125241	dd570df2ddb279f52f8d7b302f8538a7777b37d7
lem-structured-notes/caldav-http	extensions/structured-notes/src/tzdist-discovered-http-run.lisp	fd1f2e7c3c003f38a7bfd0d59eff083f3e70688e	dd570df2ddb279f52f8d7b302f8538a7777b37d7
lem-structured-notes/caldav-http	extensions/structured-notes/src/tzdist-refresh-orchestration.lisp	95d25be9502364c0e40c698347b5d521a2a91196	dd570df2ddb279f52f8d7b302f8538a7777b37d7
lem-structured-notes/caldav-http	extensions/structured-notes/src/caldav-capability-cache-refresh-http-run.lisp	893df756f472aff90ffcb62294b54f68ddbe7c63	dd570df2ddb279f52f8d7b302f8538a7777b37d7
lem-structured-notes/caldav-http	extensions/structured-notes/src/icalendar-refresh-response-store.lisp	d29956e3ae35985f24582131a716cc296ab157e9	dd570df2ddb279f52f8d7b302f8538a7777b37d7
lem-structured-notes/caldav-http	extensions/structured-notes/src/icalendar-refresh-reschedule.lisp	cffb4baddeaaf9d36638edb8cee0120ff679a43e	dd570df2ddb279f52f8d7b302f8538a7777b37d7
lem-structured-notes/caldav-http	extensions/structured-notes/src/icalendar-refresh-http-run.lisp	2556dfcfef2fdeeda6b6a543988f9db22a8d3c0d	dd570df2ddb279f52f8d7b302f8538a7777b37d7
lem-structured-notes/caldav-http	extensions/structured-notes/src/caldav-sync-http-run.lisp	d4776fc29534f253a68c7da8d6c48afffecc7d11	dd570df2ddb279f52f8d7b302f8538a7777b37d7
lem-structured-notes/caldav-http	extensions/structured-notes/src/caldav-write-http-run.lisp	cb06df14f1d8a24287e9b3ef3a61cfce6ab160b6	dd570df2ddb279f52f8d7b302f8538a7777b37d7
lem-structured-notes/caldav-http	extensions/structured-notes/src/caldav-merge-http-run.lisp	21d4a39dcb61f01570c6028a3ffbb72c9a5b6604	dd570df2ddb279f52f8d7b302f8538a7777b37d7
lem-structured-notes/caldav-http	extensions/structured-notes/src/caldav-managed-attachment-http-run.lisp	b1d2cfd86200e6a53322cb59031f4fcf5c8f3cfe	dd570df2ddb279f52f8d7b302f8538a7777b37d7
lem-structured-notes/caldav-http	extensions/structured-notes/src/caldav-external-attachment-http-run.lisp	ddfbd54fd49ad9365ded40ea3463568eff29eb61	dd570df2ddb279f52f8d7b302f8538a7777b37d7
lem-structured-notes/caldav-http	extensions/structured-notes/src/caldav-external-attachment-helper.lisp	a609c9e4ca1e870541a563b7a89763b243641dd8	dd570df2ddb279f52f8d7b302f8538a7777b37d7
lem-structured-notes/caldav-http	extensions/structured-notes/src/caldav-managed-attachment-interop.lisp	192d7d4bcbf80f5cde6c01e61df91cdd7a9086c2	dd570df2ddb279f52f8d7b302f8538a7777b37d7
lem-structured-notes/caldav-http	extensions/structured-notes/src/caldav-managed-attachment-interop-store.lisp	37b6b814deecf5ff960bc1e5789110fd9df61f44	dd570df2ddb279f52f8d7b302f8538a7777b37d7
lem-structured-notes/caldav-http	extensions/structured-notes/src/caldav-source-application-operation-graph-migration.lisp	63089b28c2ee1a11ee37abd3ccc717a650ee85e2	dd570df2ddb279f52f8d7b302f8538a7777b37d7
lem-structured-notes/caldav-http	extensions/structured-notes/src/caldav-managed-attachment-operation-graph-migration.lisp	608650d61989f4dbe68eeebbe10d32d06db71780	dd570df2ddb279f52f8d7b302f8538a7777b37d7
lem-structured-notes/caldav-http	extensions/structured-notes/src/caldav-interop-driver.lisp	7be7599b098cc5e47855aa42b1ea26f5c3b4c659	dd570df2ddb279f52f8d7b302f8538a7777b37d7
lem-structured-notes/caldav-http	extensions/structured-notes/src/caldav-interop-private-archive.lisp	b7ec22eecd8930da90044e9b5814e98a73a2d34e	dd570df2ddb279f52f8d7b302f8538a7777b37d7
lem-structured-notes/caldav-http	extensions/structured-notes/src/caldav-interop-query-driver.lisp	39e6cb7c6c37cbc0b0220f4fa33d66b7dec4ee48	dd570df2ddb279f52f8d7b302f8538a7777b37d7
lem-structured-notes/caldav-http	extensions/structured-notes/src/caldav-interop-bootstrap-driver.lisp	1128f40e195b258f94780db07f72c16a732d8d91	dd570df2ddb279f52f8d7b302f8538a7777b37d7
lem-structured-notes/caldav-http	extensions/structured-notes/src/caldav-interop-collections-driver.lisp	5df38d40c18594e8d4e9494be2fbf479467c6f0d	dd570df2ddb279f52f8d7b302f8538a7777b37d7
lem-structured-notes/caldav-http	extensions/structured-notes/src/caldav-interop-multiget-driver.lisp	6e1e08f7829efc67ed10817e31d3988bdf987337	dd570df2ddb279f52f8d7b302f8538a7777b37d7
lem-structured-notes/caldav-http	extensions/structured-notes/src/caldav-interop-get-preserve-driver.lisp	086f65bc09a321b2285a6e071dfa57fb3e45c980	dd570df2ddb279f52f8d7b302f8538a7777b37d7
lem-structured-notes/caldav-http	extensions/structured-notes/src/caldav-interop-recurrence-driver.lisp	c528428056f9f8a460b820fca96b1db4665540da	dd570df2ddb279f52f8d7b302f8538a7777b37d7
lem-structured-notes/caldav-http	extensions/structured-notes/src/caldav-interop-create-driver.lisp	2de144bc675a2280ee410b91cdcfdd4868826286	dd570df2ddb279f52f8d7b302f8538a7777b37d7
lem-structured-notes/caldav-http	extensions/structured-notes/src/caldav-interop-update-driver.lisp	dbcbe84bbef0f50efef1d2be8b5555f392447d79	dd570df2ddb279f52f8d7b302f8538a7777b37d7
lem-structured-notes/caldav-http	extensions/structured-notes/src/caldav-interop-update-conflict-driver.lisp	9ce7ead889cbf799149afade7e5ae3b3a75c80c4	dd570df2ddb279f52f8d7b302f8538a7777b37d7
lem-structured-notes/caldav-http	extensions/structured-notes/src/caldav-interop-delete-driver.lisp	845195a74eb07b1f414048eb6f17a862a8e0f37b	dd570df2ddb279f52f8d7b302f8538a7777b37d7
lem-structured-notes/caldav-http	extensions/structured-notes/src/caldav-interop-delete-conflict-driver.lisp	5e8e7414133e98c464085454ec19afa2f762abe7	dd570df2ddb279f52f8d7b302f8538a7777b37d7
lem-structured-notes/caldav-http	extensions/structured-notes/src/caldav-interop-collection-driver.lisp	27d678b64191c461eebbe270260f0a7fd67ea8ac	dd570df2ddb279f52f8d7b302f8538a7777b37d7
lem-structured-notes/caldav-http	extensions/structured-notes/src/caldav-interop-initial-sync-driver.lisp	ac0366af70e80c975a5a4fa4afd181f03c4d9854	dd570df2ddb279f52f8d7b302f8538a7777b37d7
lem-structured-notes/caldav-http	extensions/structured-notes/src/caldav-interop-incremental-sync-driver.lisp	f3102210d64f536a032cdd6017c76533062d87da	dd570df2ddb279f52f8d7b302f8538a7777b37d7
lem-structured-notes/caldav-http	extensions/structured-notes/src/caldav-interop-invalid-token-driver.lisp	57f7090bad7f5691d7295bffa2b86be5662ae544	dd570df2ddb279f52f8d7b302f8538a7777b37d7
lem-structured-notes/caldav-http	extensions/structured-notes/src/caldav-interop-multiget-fallback-driver.lisp	8188aaa3b15444a63a00c6d3968058948fbf8b18	dd570df2ddb279f52f8d7b302f8538a7777b37d7
lem-structured-notes/caldav-http	extensions/structured-notes/src/caldav-interop-offline-merge-driver.lisp	30232b7ff08e9480ab77ba792b9bf21e9e018bdc	dd570df2ddb279f52f8d7b302f8538a7777b37d7
lem-structured-notes/caldav-http	extensions/structured-notes/src/caldav-interop-offline-conflict-driver.lisp	9a0512c85ba3499d9c7de585c4df822a78b4752b	dd570df2ddb279f52f8d7b302f8538a7777b37d7
lem-structured-notes/caldav-http	extensions/structured-notes/src/caldav-interop-scheduling-discovery-driver.lisp	e433338875b52815bd6d7ec64253cd0aa8cf7cfb	dd570df2ddb279f52f8d7b302f8538a7777b37d7
lem-structured-notes/caldav-http	extensions/structured-notes/src/caldav-interop-invite-driver.lisp	463acf5e9b79a38c031a642b1d61033dcc806f93	dd570df2ddb279f52f8d7b302f8538a7777b37d7
lem-structured-notes/caldav-http	extensions/structured-notes/src/caldav-interop-reply-driver.lisp	5f38857928879cc1158b5e218f16d350190c6591	dd570df2ddb279f52f8d7b302f8538a7777b37d7
lem-structured-notes/caldav-http	extensions/structured-notes/src/caldav-interop-cancel-driver.lisp	983e987fb541f53bb2f307625f99361219c38ae5	dd570df2ddb279f52f8d7b302f8538a7777b37d7
lem-structured-notes/caldav-http	extensions/structured-notes/src/caldav-interop-delegate-driver.lisp	13acf2ddcbe7f4f43f301d6a4f51f6edac90a6c9	dd570df2ddb279f52f8d7b302f8538a7777b37d7
lem-structured-notes/caldav-http	extensions/structured-notes/src/caldav-scheduling-freebusy-http-run.lisp	95c81560bb71b633321bbeac108ef8415c206036	dd570df2ddb279f52f8d7b302f8538a7777b37d7
lem-structured-notes/caldav-http	extensions/structured-notes/src/caldav-interop-freebusy-driver.lisp	214c95c383ae1fadc613f5a60895486c8bba5ca1	dd570df2ddb279f52f8d7b302f8538a7777b37d7
lem-structured-notes/caldav-http	extensions/structured-notes/src/caldav-interop-schedule-tag-conflict-driver.lisp	89de4825b47261048259b1bc03a50d03e979c6c6	dd570df2ddb279f52f8d7b302f8538a7777b37d7
lem-structured-notes/caldav-http	extensions/structured-notes/src/caldav-interop-recurrence-instance-driver.lisp	73dca735f005269c6be0e01a3cf34f58ff57b063	dd570df2ddb279f52f8d7b302f8538a7777b37d7
lem-structured-notes/caldav-http	extensions/structured-notes/src/caldav-interop-timezone-reference-driver.lisp	0a4f3716beddcf691515f30113b48ca311da3f7c	dd570df2ddb279f52f8d7b302f8538a7777b37d7
lem-structured-notes/caldav-http	extensions/structured-notes/src/caldav-interop-availability-driver.lisp	adace0236a9ca919a8d58344ff87f96eb2c3a4b5	dd570df2ddb279f52f8d7b302f8538a7777b37d7
lem-structured-notes/caldav-http	extensions/structured-notes/src/caldav-interop-managed-attachment-driver.lisp	598483001a64269dfad65828b9965fcb7f1b2570	dd570df2ddb279f52f8d7b302f8538a7777b37d7
lem-structured-notes/caldav-http	extensions/structured-notes/src/caldav-interop-rfc9073-driver.lisp	b35b5df6f17b9aa362228f646489391f3f3224ac	dd570df2ddb279f52f8d7b302f8538a7777b37d7
lem-structured-notes/caldav-http	extensions/structured-notes/src/caldav-interop-rfc9074-driver.lisp	f8f6430529934e10bc66adec68f03c93211733f6	dd570df2ddb279f52f8d7b302f8538a7777b37d7
lem-structured-notes/caldav-http	extensions/structured-notes/src/caldav-interop-rfc9253-driver.lisp	5a6b25e59eb55c2520db3a80907865e37512a0c7	dd570df2ddb279f52f8d7b302f8538a7777b37d7
lem-structured-notes/caldav-http	extensions/structured-notes/src/caldav-interop-rscale-driver.lisp	99d55fa83e97e4554c9a8fb8f3d1b468b111012e	dd570df2ddb279f52f8d7b302f8538a7777b37d7
lem-structured-notes/caldav-http	extensions/structured-notes/src/caldav-interop-iana-extensions-driver.lisp	a9b4de9b97baa647858ad937bffee2363da97468	dd570df2ddb279f52f8d7b302f8538a7777b37d7
lem-structured-notes/caldav-http	extensions/structured-notes/src/caldav-interop-vendor-extension-driver.lisp	87adbc697242a2b9d93638da45383a650ad1db84	dd570df2ddb279f52f8d7b302f8538a7777b37d7
lem-structured-notes/caldav-http	extensions/structured-notes/src/caldav-interop-operator-runtime.lisp	b4232cd5d8650edb55b9734ce03f310b1fbcb556	dd570df2ddb279f52f8d7b302f8538a7777b37d7
lem-structured-notes/caldav-http	extensions/structured-notes/src/caldav-interop-operator-dns.lisp	55ac77743fdb78fda89567c3cd5c32d4a3ff14d9	dd570df2ddb279f52f8d7b302f8538a7777b37d7
lem-structured-notes/caldav-http	extensions/structured-notes/src/caldav-interop-operator-https.lisp	ea99da7e875ae499eab122a90b0dfffe681ae42b	dd570df2ddb279f52f8d7b302f8538a7777b37d7
lem-structured-notes/caldav-http	extensions/structured-notes/src/caldav-interop-operator-c0.lisp	5bdcf9f98560b501bc708056c3655d3ea7b82ee5	dd570df2ddb279f52f8d7b302f8538a7777b37d7
lem-structured-notes/caldav-http	extensions/structured-notes/src/caldav-interop-operator-c1.lisp	18fa142fe50eefc90949e464450767001659bdbb	dd570df2ddb279f52f8d7b302f8538a7777b37d7
lem-structured-notes/caldav-http	extensions/structured-notes/src/caldav-interop-operator-c2.lisp	07d13d2e96d477c05fbd4146b3c7b702b4d1c4b7	dd570df2ddb279f52f8d7b302f8538a7777b37d7
lem-structured-notes/caldav-http	extensions/structured-notes/src/caldav-interop-operator-c3.lisp	3578807e8e5dcfbef41c68322b655766387ff1e8	dd570df2ddb279f52f8d7b302f8538a7777b37d7
lem-structured-notes/caldav-http	extensions/structured-notes/src/caldav-interop-operator-c4.lisp	272c0f949bf087656353e08b37fdd10659205a93	dd570df2ddb279f52f8d7b302f8538a7777b37d7
lem-structured-notes/caldav-http	extensions/structured-notes/src/caldav-scheduling-inbox-retirement-http-run.lisp	48ee30d207dae2c6f1dbae48aa81bd84952d6095	dd570df2ddb279f52f8d7b302f8538a7777b37d7
lem-structured-notes/caldav-http	extensions/structured-notes/src/caldav-scheduling-inbox-reconciliation-http-run.lisp	e7fb376ff5901cfa389b9bd4a10ae848cb325c14	dd570df2ddb279f52f8d7b302f8538a7777b37d7
lem-structured-notes/lem-yath-adapter	extensions/structured-notes/lem-yath/package.lisp	47e5ef3623c7354a20cdbea2b4b736b7137bd65b	dd570df2ddb279f52f8d7b302f8538a7777b37d7
lem-structured-notes/lem-yath-adapter	extensions/structured-notes/lem-yath/org-agenda-adapter.lisp	7cf891f9536f6ec303099fca4c570bad02b156c9	dd570df2ddb279f52f8d7b302f8538a7777b37d7
lem-structured-notes/lem-yath-adapter	extensions/structured-notes/lem-yath/roam-adapter.lisp	33c2709f268f26cf1624ad752105d17e146f170a	dd570df2ddb279f52f8d7b302f8538a7777b37d7
lem-structured-notes/lem-yath-adapter	extensions/structured-notes/lem-yath/mixed-agenda-adapter.lisp	e4500a1c51b17c177fb4a3fda797ecded847ff31	dd570df2ddb279f52f8d7b302f8538a7777b37d7
lem-structured-notes/lem-yath-adapter	extensions/structured-notes/lem-yath/mixed-agenda-live-adapter.lisp	fa732d345b8a5fbc51c2ff3d5d70089bad8dab3c	dd570df2ddb279f52f8d7b302f8538a7777b37d7
lem-structured-notes/lem-yath-adapter	extensions/structured-notes/lem-yath/mixed-agenda-view.lisp	042f40f85a794cadb3ecd3347d46ed20edb78269	dd570df2ddb279f52f8d7b302f8538a7777b37d7
lem-structured-notes/lem-yath-adapter	extensions/structured-notes/lem-yath/mixed-agenda-clock.lisp	131ee664dad9e44ee30117695ff71d7dc3402a85	dd570df2ddb279f52f8d7b302f8538a7777b37d7
lem-structured-notes/lem-yath-adapter	extensions/structured-notes/lem-yath/mixed-agenda-background-refresh.lisp	36cd32a4bf3a80c61be1f91adcf3cc7001fd9966	dd570df2ddb279f52f8d7b302f8538a7777b37d7
lem-structured-notes/lem-yath-adapter	extensions/structured-notes/lem-yath/mixed-agenda-capture.lisp	6bf6f4a87d6e3e20643f8686b674334604a9e755	dd570df2ddb279f52f8d7b302f8538a7777b37d7
lem-structured-notes/lem-yath-adapter	extensions/structured-notes/lem-yath/lsm-capture.lisp	c9a0467279ea8caec931022120d62ce00b961cf5	dd570df2ddb279f52f8d7b302f8538a7777b37d7
lem-structured-notes/lem-yath-adapter	extensions/structured-notes/lem-yath/lsm-task-sequence.lisp	a74b555b6f77cf84baef9be7f85ade83851ecb8b	dd570df2ddb279f52f8d7b302f8538a7777b37d7
lem-structured-notes/lem-yath-adapter	extensions/structured-notes/lem-yath/lsm-planning.lisp	69ffe6a1e88110cd414f9df1a9cd7686d7e5cfbc	dd570df2ddb279f52f8d7b302f8538a7777b37d7
lem-structured-notes/lem-yath-adapter	extensions/structured-notes/lem-yath/lsm-timestamps.lisp	a2cdb35b519bd24e6c9e3b7780330439ee76c5eb	dd570df2ddb279f52f8d7b302f8538a7777b37d7
lem-structured-notes/lem-yath-adapter	extensions/structured-notes/lem-yath/lsm-heading-insertion.lisp	9632a5a12541a2e552e6e6e0d84f2e7796d7e5fa	dd570df2ddb279f52f8d7b302f8538a7777b37d7
lem-structured-notes/lem-yath-adapter	extensions/structured-notes/lem-yath/lsm-folding.lisp	d1c22ce18156ac8af6deae7c0f8adab52848fc48	dd570df2ddb279f52f8d7b302f8538a7777b37d7
lem-structured-notes/lem-yath-adapter	extensions/structured-notes/lem-yath/lsm-nodes-sync.lisp	7c34585dd3d2228322d5d32abb8ef6f6efbffc52	dd570df2ddb279f52f8d7b302f8538a7777b37d7
lem-structured-notes/lem-yath-adapter	extensions/structured-notes/lem-yath/lsm-download.lisp	4470881eed51c1549c3aba020e33315c1556f21c	dd570df2ddb279f52f8d7b302f8538a7777b37d7
lem-structured-notes/lem-yath-adapter	extensions/structured-notes/lem-yath/lsm-source-editing.lisp	ab68fc0d7590438d6aa0ad2603af92d47c9b041d	dd570df2ddb279f52f8d7b302f8538a7777b37d7
lem-structured-notes/lem-yath-adapter	extensions/structured-notes/lem-yath/lsm-babel.lisp	bce86285ae92810d72f9eb25ef30340faefc6ca8	dd570df2ddb279f52f8d7b302f8538a7777b37d7
lem-structured-notes/lem-yath-adapter	extensions/structured-notes/lem-yath/lsm-text-objects.lisp	9c023c5b7b0295504726e98d71935418833a0226	dd570df2ddb279f52f8d7b302f8538a7777b37d7
lem-structured-notes/lem-yath-adapter	extensions/structured-notes/lem-yath/lsm-navigation.lisp	38cbcc0ffe276e78cd630f608ef5d5c13cc0ab67	dd570df2ddb279f52f8d7b302f8538a7777b37d7
lem-structured-notes/lem-yath-adapter	extensions/structured-notes/lem-yath/lsm-context-editing.lisp	eb35d3e8855995976621b852a275a074e1848fb6	dd570df2ddb279f52f8d7b302f8538a7777b37d7
lem-structured-notes/lem-yath-adapter	extensions/structured-notes/lem-yath/lsm-context-commands.lisp	990231b404d6e6d9dfb97c4d6e113a64a4022b5b	dd570df2ddb279f52f8d7b302f8538a7777b37d7
lem-structured-notes/lem-yath-adapter	extensions/structured-notes/lem-yath/lsm-context-shifts.lisp	481068c7ad6a94b5cdb4edbaaaef91708bcde38f	dd570df2ddb279f52f8d7b302f8538a7777b37d7
lem-structured-notes/lem-yath-adapter	extensions/structured-notes/lem-yath/lsm-structural-editing.lisp	815c1dd7819a5147aa31b35818e620d8bdf859b6	dd570df2ddb279f52f8d7b302f8538a7777b37d7
lem-structured-notes/lem-yath-adapter	extensions/structured-notes/lem-yath/lsm-publishing.lisp	076cb47ba9266f0d60417bca039bba26ff024f11	dd570df2ddb279f52f8d7b302f8538a7777b37d7
lem-structured-notes/lem-yath-adapter	extensions/structured-notes/lem-yath/notes-keybindings.lisp	037f2a9e04f17b68b60158c9451603c5b73dcd76	dd570df2ddb279f52f8d7b302f8538a7777b37d7
lem-structured-notes/lem-notes-adapter	extensions/structured-notes/lem/package.lisp	091569ec1640f55661b955f71d99783992c35942	dd570df2ddb279f52f8d7b302f8538a7777b37d7
lem-structured-notes/lem-notes-adapter	extensions/structured-notes/lem/notes-workflow.lisp	a9a19b8843c1b28beccb925639489605c49ba3ca	dd570df2ddb279f52f8d7b302f8538a7777b37d7
lem-structured-notes/lem-live-source-adapter	extensions/structured-notes/lem/live-source-coordinator.lisp	5b6b806e2695dadfd74c35cc7716ecad41c16d58	dd570df2ddb279f52f8d7b302f8538a7777b37d7
lem-structured-notes/lem-live-source-adapter	extensions/structured-notes/lem/write-review.lisp	a70914cdd78fbb114ceb66024c228b0fe61ea031	dd570df2ddb279f52f8d7b302f8538a7777b37d7
lem-structured-notes/lem-live-source-adapter	extensions/structured-notes/lem/merge-review.lisp	489492f56193c1352838480ddea628e64c1cf31b	dd570df2ddb279f52f8d7b302f8538a7777b37d7
lem-structured-notes/lem-live-source-adapter	extensions/structured-notes/lem/retention-review.lisp	6f7bbc3f64a7d0fdb4ead122e2a7bf2fafda85e7	dd570df2ddb279f52f8d7b302f8538a7777b37d7
lem-structured-notes/lem-live-source-adapter	extensions/structured-notes/lem/projection-review.lisp	9b69ca2a15d6c4ad8feaabea708d928592cd7231	dd570df2ddb279f52f8d7b302f8538a7777b37d7
